X,Y,heat_stress_score,
4.73942639755108,51.6189713537917,0.65
4.74710224738365,51.6122631084743,0.65
4.75581423807898,51.6087150663433,0.65
4.75259104451805,51.6069086238426,0.65
4.74823516255985,51.6086900539216,0.65
4.75253444772719,51.6109532756079,0.65
4.7510467059073,51.6140912739083,0.65
4.75399061157207,51.6100622865356,0.65
4.73958044913514,51.6081856423227,0.59
4.74524004541284,51.6163067564387,0.59
4.74665843489592,51.6181122893125,0.59
4.74088307654089,51.6180805294308,0.59
4.75098995976931,51.6181359221091,0.59
4.75244638521262,51.6172449532683,0.59
4.75390275340944,51.6163539661282,0.59
4.7409855533445,51.610890054054,0.61
4.74525277002956,51.6154079465105,0.61
4.75391530629892,51.615455154979,0.61
4.74882419671073,51.6181241190094,0.61
4.7466711320538,51.6172134793279,0.61
4.74231413163921,51.6189873054268,0.61
4.75113496186294,51.6077990916011,0.64
4.74103037522048,51.6077442196565,0.64
4.74244194145405,51.6099992091472,0.64
4.74748818975234,51.6104728977951,0.64
4.7438536478222,51.612254181514,0.64
4.74669652462613,51.6154158591363,0.64
4.74883685093295,51.6172253087188,0.64
4.751015181765,51.6163383008433,0.64
4.75611853130747,51.61276601524,0.64
4.75247783941952,51.6149979260077,0.64
4.74099836030701,51.6099912443003,0.62
4.74240360465146,51.6126956388058,0.62
4.7438345207399,51.6136023963977,0.62
4.74668382863052,51.6163146692691,0.62
4.73943923841495,51.6180725449094,0.62
4.75100257105577,51.6172371115133,0.62
4.75245896729928,51.6163461423955,0.62
4.74104958229667,51.6063960045533,0.63
4.74101116668344,51.6090924344732,0.63
4.74242277378175,51.6113474241201,0.63
4.75464972329329,51.6145602419894,0.63
4.74526549406389,51.6145091365083,0.63
4.74087026430191,51.6189793385197,0.63
4.74465188378366,51.6068652798624,0.69
4.74380901601538,51.6154000160656,0.58
4.73945207869107,51.6171737359527,0.58
4.75405335017287,51.605568227484,0.67
4.74249304900427,51.6064039685763,0.67
4.74463278352974,51.6082134686512,0.67
4.74682345262948,51.6064277537588,0.67
4.74529094038555,51.6127115162826,0.66
4.74815294659847,51.6145249435321,0.66
4.75107197093473,51.6122902139519,0.66
4.74825426008911,51.6073344575956,0.66
4.74389827241806,51.609108327989,0.66
4.75402825645513,51.6073658513235,0.66
4.75470608971076,51.6105190012974,0.66
4.74097274579587,51.6117888637342,0.6
4.74239082454754,51.6135944485449,0.6
4.74382176866947,51.6145012062686,0.6
4.7553590643623,51.6154629606902,0.6
4.74248027299373,51.6073027788286,0.68
4.74681076244287,51.6073265646262,0.68
4.74013828438298,51.5690798559687,0.65
4.74373751024205,51.5695566511207,0.65
4.73723432012055,51.5704195699499,0.65
4.73577910356736,51.5713103550237,0.65
4.72991862653089,51.5775697449027,0.65
4.73705413026435,51.5830029352581,0.65
4.73138065149608,51.5762296283601,0.65
4.73429804410017,51.5739942161597,0.65
4.74652064076955,51.5767629716532,0.65
4.74431230249896,51.5798969740264,0.65
4.74572317176188,51.5821519281002,0.65
4.74931728255396,51.5830704637287,0.65
4.75293666022251,51.5821912753764,0.65
4.75163240022642,51.5722964894683,0.65
4.74805174720103,51.5704791982784,0.65
4.74720388838531,51.5794633943525,0.59
4.72767645428791,51.5829504160719,0.77
4.75151284357212,51.5808352213445,0.61
4.74860856541247,51.5821677204168,0.61
4.74574857620825,51.5803543027073,0.61
4.74793785196489,51.5785685199816,0.61
4.75165756344624,51.5704988609246,0.61
4.7341686888266,51.5829868576942,0.71
4.73562431235286,51.5820960942291,0.71
4.73710562485191,51.5794076894153,0.71
4.72844999333524,51.5793592481047,0.71
4.72847607989443,51.5775616272693,0.64
4.73432382990198,51.5722011218171,0.64
4.73285554479981,51.5739906817552,0.64
4.72993164035145,51.5766709341709,0.64
4.73140012774957,51.5748814117053,0.64
4.73724718641135,51.5695207576246,0.64
4.75295549956127,51.5808430548918,0.64
4.73921821291905,51.5830149399562,0.64
4.74506540192331,51.5776538986598,0.64
4.74867178648394,51.5776736543712,0.64
4.7501017268414,51.578580336361,0.64
4.75164498220237,51.5713976573011,0.64
4.73908180345138,51.5672887285107,0.64
4.74590095410543,51.5695685445267,0.64
4.74018300417752,51.5659415061359,0.64
4.73286849912188,51.5730918703285,0.62
4.7500512631059,51.5821755898721,0.62
4.74573587427551,51.5812531154386,0.62
4.74576127756013,51.5794554899062,0.62
4.75309989096397,51.5705066921438,0.62
4.75022784580533,51.5695921977376,0.62
4.74591364849008,51.568669730898,0.62
4.72995116003882,51.5753227180047,0.63
4.75149396137635,51.5821834415252,0.63
4.75153172433271,51.5794870008875,0.63
4.74716586829736,51.5821598331595,0.63
4.74577397833119,51.5785566770356,0.63
4.74722923221299,51.5776657681332,0.63
4.7480643993344,51.5695803844121,0.63
4.75021523650371,51.5704910119094,0.63
4.7444713809689,51.5686618111079,0.63
4.74440776046292,51.5731558775432,0.69
4.753018287792,51.5763489852805,0.69
4.74080812858441,51.5726870890349,0.69
4.73424627000565,51.5775939910053,0.69
4.73279076430367,51.5784847378513,0.69
4.73926953608345,51.5794196928723,0.69
4.73707987873559,51.5812053124764,0.7
4.73423334128734,51.5784928022943,0.7
4.7364100937708,51.5776060472404,0.7
4.74717854223958,51.5812610202936,0.58
4.74864649979001,51.5794712809982,0.58
4.7500638799052,51.5812767765988,0.58
4.7372214532415,51.5713183822066,0.67
4.73825857606302,51.5744652218208,0.67
4.7386766418275,51.5704275791294,0.67
4.74300361054432,51.5704514819616,0.67
4.74013177330375,51.5695367577741,0.67
4.74731791735976,51.5713740741867,0.67
4.75087981113772,51.5745327365157,0.67
4.73281667827944,51.5766871156207,0.67
4.73923104459033,51.5821161282901,0.67
4.74138229683381,51.5830269180859,0.67
4.75292409999188,51.5830900889852,0.67
4.74571046866731,51.5830507406918,0.67
4.74428047580733,51.5821440052388,0.67
4.7428824367503,51.5789902214504,0.67
4.73563721486522,51.5811972830108,0.72
4.732777806427,51.5793835488623,0.72
4.72989259710441,51.5793673661577,0.72
4.72843694916093,51.5802580584179,0.72
4.74719121560222,51.5803622073579,0.57
4.75007649612752,51.5803779632559,0.57
4.73058789600466,51.5811690329511,0.76
4.72984053110893,51.5829626078308,0.76
4.73347322019686,51.5811851986911,0.74
4.73729864569272,51.5659255076404,0.74
4.73127675519418,51.5834201142175,0.74
4.7458882591404,51.5704673580871,0.66
4.74157406762903,51.5695447311556,0.66
4.74876027170373,51.5713819589979,0.66
4.7516198177536,51.5731953036372,0.66
4.75019001617088,51.5722886400473,0.66
4.7458059443515,51.576294279386,0.66
4.73136117376244,51.5775778447365,0.66
4.73355087998017,51.5757923317926,0.66
4.73644874784408,51.5749096120223,0.66
4.7471531937755,51.5830586459555,0.66
4.75148137257286,51.5830822549316,0.66
4.75011434133302,51.5776815228094,0.66
4.75297433746811,51.5794948341312,0.66
4.7515443108336,51.5785881872024,0.66
4.75307478485724,51.5723043210923,0.66
4.72805632787749,51.5816133952629,0.75
4.75008911177291,51.5794791498432,0.6
4.74735591659161,51.568677632893,0.6
4.74862753332207,51.5808195008459,0.56
4.73874082464175,51.5659335157849,0.68
4.74514167667371,51.572260993352,0.68
4.74214210090139,51.5803259698273,0.68
4.75157577463779,51.5763411527456,0.68
4.75298689540135,51.5785960202435,0.68
4.73134818791252,51.5784766556081,0.68
4.7328037215878,51.5775859267707,0.68
4.73570171865768,51.5767032079391,0.68
4.73756242623306,51.5726736130494,0.68
4.73561140925041,51.5829949053774,0.68
4.73706700479436,51.5821041239022,0.68
4.73529623703921,51.5798420163418,0.73
4.73418162050144,51.582088046754,0.73
4.72987958149842,51.5802661766807,0.73
4.73272596899421,51.5829787922088,0.73
4.81048518162989,51.5950735238172,0.65
4.81806756196401,51.5946534300959,0.65
4.8090649654781,51.5932687589447,0.65
4.81448243599406,51.5928416645498,0.65
4.80552063919882,51.5883104506817,0.65
4.80481652790007,51.5869555399742,0.65
4.80912221833909,51.5887746563606,0.65
4.8077711039793,51.5815769492003,0.65
4.82649282772588,51.5843648424703,0.65
4.82795776114659,51.5825741040093,0.65
4.81855752412997,51.5843265208491,0.65
4.8156606447179,51.5852112764696,0.65
4.813479389683,51.5865489188028,0.65
4.80628239971256,51.5851650749978,0.65
4.80774815563643,51.5833745911967,0.65
4.80561858367215,51.5806673791974,0.65
4.80347770779615,51.5788589444932,0.59
4.81208779247882,51.5824971355015,0.59
4.81930140689246,51.5825323882281,0.59
4.82652613662106,51.5816683724897,0.59
4.80843504954543,51.586082217534,0.61
4.80919090449058,51.5833817309399,0.61
4.81351915425941,51.5834030254247,0.61
4.82507230768874,51.5825602699601,0.61
4.82782483502654,51.5933599814586,0.71
4.82856850105776,51.5915657774585,0.71
4.82641508919437,51.5906566033137,0.71
4.82068803987387,51.5870334977076,0.71
4.8243007475251,51.5866044774456,0.71
4.82644840875568,51.5879601348014,0.71
4.81193400737472,51.5946307162527,0.64
4.81482588595172,51.5941959689976,0.64
4.80768503693279,51.588318105302,0.64
4.81346234571271,51.5878971507986,0.64
4.80273326055831,51.5806529940078,0.64
4.80778257736363,51.5806781280979,0.64
4.82650393119873,51.583466019213,0.64
4.82073291405958,51.5834382079732,0.64
4.81203084371584,51.5869912423823,0.64
4.80626514269961,51.5865133058804,0.64
4.81350211307333,51.5847512758235,0.62
4.80770225265288,51.5869698743523,0.62
4.80773668067782,51.5842734120904,0.62
4.81856878477059,51.5834276985825,0.62
4.82651503416378,51.5825671958861,0.62
4.82362958172279,51.5825533262312,0.62
4.82074413132334,51.5825393853652,0.62
4.80992946528556,51.5820339953283,0.62
4.81338847533123,51.5937394879094,0.63
4.81058797973261,51.5869841196296,0.63
4.81567196302782,51.5843124546364,0.63
4.82218685626722,51.5825463646996,0.63
4.82506117614897,51.5834590931079,0.63
4.80922524049877,51.5806852672875,0.63
4.80401998893016,51.5927968704073,0.69
4.82781375455598,51.5942588041218,0.69
4.82494983281348,51.5924473028111,0.69
4.80332741193901,51.590543625885,0.69
4.82499437621769,51.5888520305296,0.69
4.8279023841298,51.5870682208398,0.69
4.8300335862422,51.589775014302,0.69
4.82287474380663,51.5852423211838,0.69
4.8264706192566,51.5861624887757,0.69
4.80632841279719,51.581569792024,0.69
4.80413555253014,51.5838029714225,0.69
4.80258851512787,51.5918913595422,0.7
4.8054400227827,51.5945990942172,0.7
4.8256546687398,51.5937990139465,0.7
4.82855743589485,51.5924646003522,0.7
4.82930105810658,51.5906704049683,0.7
4.82860723140261,51.588419393138,0.7
4.82640398165781,51.5915554260104,0.7
4.82428406205821,51.5879497308858,0.7
4.82645951426011,51.5870613118236,0.7
4.80631691031517,51.5824686128719,0.7
4.82358493820224,51.5861486176865,0.7
4.82213090770394,51.5870404779443,0.7
4.81389656494604,51.582060881581,0.58
4.81785868297589,51.5825253732882,0.58
4.80478192365812,51.5896520004932,0.67
4.81702441127671,51.5915099993301,0.67
4.80762764245417,51.5928122071395,0.67
4.82425615196878,51.590199768361,0.67
4.81958872222897,51.5883807335916,0.67
4.82866806475104,51.5834763682529,0.67
4.8279134605463,51.5861693976133,0.67
4.82505004410007,51.5843579161862,0.67
4.82217566757808,51.583445187488,0.67
4.82072169628279,51.5843370305115,0.67
4.81926766783437,51.5852288553002,0.67
4.81781358223026,51.5861206618528,0.67
4.81491090674962,51.5874548095404,0.67
4.8048395947569,51.5851578992773,0.67
4.80629390377289,51.584266254359,0.67
4.82785807339709,51.5906635130445,0.72
4.82643730274327,51.5888589577091,0.72
4.81641595957494,51.5825183405456,0.57
4.80336789152715,51.5873972522626,0.66
4.80694634567183,51.5896627520484,0.66
4.80980937156424,51.5914746485732,0.66
4.816646401316,51.5928608274239,0.66
4.82167529286639,51.5946744822806,0.66
4.80905351333442,51.5941675792493,0.66
4.81417794579615,51.5883636991374,0.66
4.81782485819021,51.5852218398163,0.66
4.82720313006328,51.5852671154758,0.66
4.80344303201236,51.5815554242649,0.66
4.82361842160832,51.5834521491996,0.66
4.80775963007025,51.5824757702333,0.66
4.80490878266905,51.5797649755122,0.6
4.81063370543018,51.5833847937782,0.6
4.81209918066875,51.5815983139162,0.6
4.81640465658752,51.5834171626095,0.6
4.80477038785553,51.5905508205254,0.68
4.80619610255009,51.5919062276088,0.68
4.82245282619734,51.5901803729237,0.68
4.8177346360676,51.5924124141431,0.68
4.8076104214866,51.5941604372906,0.68
4.82348446041195,51.5942380193592,0.68
4.82925685361955,51.5942656967584,0.68
4.80333897632625,51.5896448060388,0.68
4.81492790733356,51.5861065771084,0.68
4.81925079663197,51.5865770886551,0.68
4.80415856461398,51.5820115313925,0.68
4.80630540730708,51.5833674336503,0.68
4.82936734967378,51.5852774651718,0.68
4.80485112739408,51.584259078824,0.68
4.82503891154203,51.5852567391947,0.68
4.82071047799293,51.5852358529801,0.68
4.80339679032873,51.5851507057529,0.68
4.83228594512861,51.5825947215621,0.65
4.82957167035917,51.5686462664497,0.65
4.82523921971492,51.569077914465,0.65
4.81080485833627,51.5699065256451,0.65
4.80937969432144,51.5685511732252,0.65
4.8165628513844,51.5708336474273,0.65
4.81366679544786,51.5717183558721,0.65
4.82880075260949,51.5726904805587,0.65
4.83251659114211,51.5637193829652,0.65
4.83325958183952,51.5619251616454,0.65
4.82817914263949,51.5645976194556,0.65
4.8267258940616,51.5654895395983,0.65
4.81233821240565,51.5627230447526,0.52
4.83095336133051,51.5735996244323,0.59
4.81798266749497,51.5726383240209,0.59
4.82232108063452,51.5717604858492,0.59
4.83679940736781,51.5673351507102,0.59
4.83683208778625,51.5646386731068,0.59
4.83687020933765,51.5614927818572,0.59
4.8238526768766,51.5645768524158,0.59
4.82821233240715,51.5619011444297,0.59
4.81812911428139,51.5609536187856,0.59
4.81950936223284,51.5659041609575,0.59
4.81228683157933,51.5667818959669,0.59
4.81107854140048,51.5483347703854,0.59
4.83096437303064,51.5727007998129,0.61
4.83534623991873,51.5682271779492,0.61
4.82820126965699,51.5627999695054,0.61
4.82529483162294,51.564583792556,0.61
4.82091232873898,51.5690570379661,0.61
4.82377461677818,51.5708686213585,0.61
4.81735170848948,51.5654442183803,0.61
4.81811785223362,51.5618524426697,0.61
4.81803345226639,51.5685870859203,0.61
4.81943631684659,51.5717465137124,0.61
4.81654025832753,51.5726312932777,0.61
4.81363273217755,51.5744148232456,0.61
4.80941972226489,51.5654052948877,0.61
4.81084478921615,51.566760647129,0.61
4.81225856065938,51.5690148044807,0.61
4.81522240000343,51.5627371912049,0.61
4.83543361011166,51.5610365716062,0.61
4.80819527003168,51.5483205230696,0.61
4.80931678016106,51.5734946945043,0.71
4.80788581421589,51.5725887350682,0.71
4.83246169545782,51.568213527575,0.64
4.83100291007779,51.5695549131616,0.64
4.82664823014776,51.5717813105751,0.64
4.82521697139198,51.5708755627544,0.64
4.82526702731994,51.5668308537752,0.64
4.81511483756383,51.5712760107023,0.64
4.81224717975751,51.5699136270282,0.64
4.81364408712016,51.5735160008562,0.64
4.81219026744224,51.5744077387433,0.64
4.83083219938965,51.5834866907086,0.64
4.83537354659748,51.5659801139825,0.64
4.83109647417031,51.5619148990883,0.64
4.82963233412134,51.5637056810954,0.64
4.82673698687767,51.5645907149026,0.64
4.80940256825265,51.5667535285938,0.64
4.80785236046175,51.5469661351485,0.64
4.83371223386629,51.5839497948238,0.62
4.83245071482873,51.5691123527116,0.62
4.83540085003369,51.563733049489,0.62
4.83542269058484,51.5619353976341,0.62
4.82965440303654,51.5619080306551,0.62
4.82674807918664,51.5636918901396,0.62
4.82878969806868,51.5735893049113,0.62
4.82343107259682,51.569514424137,0.62
4.82528371025826,51.5654826170728,0.62
4.82383037654035,51.5663745010233,0.62
4.81945879471277,51.5699488490812,0.62
4.82520584646758,51.5717743867971,0.62
4.81799393572281,51.5717395009481,0.62
4.81513182415974,51.5699277764056,0.62
4.81738554208712,51.562747747605,0.62
4.81082767672797,51.5681088808492,0.62
4.83110747932782,51.5610160735902,0.62
4.80964833092598,51.54742883184,0.62
4.83227495646281,51.5834935456006,0.63
4.83535716294038,51.5673283523921,0.63
4.83538992900929,51.5646318753157,0.63
4.83541177055886,51.562834223595,0.63
4.83327054418172,51.5610263358821,0.63
4.83390396743792,51.5682203616599,0.63
4.83098088969823,51.5713525628091,0.63
4.82381365001222,51.5677227373554,0.63
4.82964336883115,51.5628068559088,0.63
4.82819020640112,51.5636987945141,0.63
4.81081626779293,51.5690077032811,0.63
4.81657414713811,51.5699348244,0.63
4.8136895016991,51.569920710615,0.63
4.81509784967664,51.5726242447368,0.63
4.81655155511422,51.5717324703866,0.63
4.81800520343544,51.5708406778071,0.63
4.80725645606417,51.5653945774003,0.63
4.83660323069256,51.5835140034564,0.49
4.80711867649112,51.5761804390025,0.69
4.80929389838479,51.5752923381131,0.69
4.80932822026452,51.5725958725971,0.69
4.80789728235493,51.5716899132771,0.69
4.82948883697685,51.5753904023692,0.55
4.80930533953449,51.574393516343,0.7
4.83661413363356,51.582615178889,0.45
4.84237426997405,51.5835410313504,0.53
4.8287786430224,51.5744881291955,0.58
4.82822339465162,51.561002319287,0.58
4.81229270024324,51.5663183364311,0.58
4.81086190040374,51.5654124131471,0.58
4.81372355718324,51.5672242422196,0.58
4.81942507717764,51.5726453369664,0.58
4.81652896102432,51.5735301161004,0.58
4.83804598976821,51.5835207871349,0.46
4.84505304425311,51.5835469992142,0.46
4.81074780322745,51.5744006364424,0.67
4.8079431496681,51.5680946254313,0.67
4.80792021706005,51.5698922694903,0.67
4.81078203792895,51.5717041522481,0.67
4.82809614836473,51.5713388044176,0.67
4.80785140665241,51.5752852000307,0.72
4.83240678729164,51.5727076525788,0.57
4.81377463171589,51.5631795385396,0.57
4.83678851289893,51.568233976443,0.57
4.81373490797336,51.5663254192856,0.57
4.81106714393216,51.5492335942838,0.57
4.81252017786674,51.5483418673655,0.57
4.83084321663031,51.5825878668473,0.66
4.83229693329186,51.5816958974541,0.66
4.83318852370928,51.5677503759239,0.66
4.82953851877911,51.5713456925119,0.66
4.81073639064034,51.5752994583966,0.66
4.8122016509462,51.573508916537,0.66
4.81223579833529,51.5708124495077,0.66
4.80936253743668,51.5698994064658,0.66
4.80541303237745,51.5685430390509,0.66
4.8071071914473,51.577079260358,0.66
4.807960347812,51.5667463922639,0.66
4.8332486189962,51.5628239873418,0.66
4.81232683514524,51.5636218677732,0.54
4.8324397336976,51.5700111777804,0.6
4.83389301536284,51.5691191869731,0.6
4.83681574819806,51.5659869120369,0.6
4.83328150602284,51.5601275100519,0.6
4.82384152696334,51.5654756767533,0.6
4.82966543673755,51.5610092053345,0.6
4.81519975914796,51.56453483791,0.6
4.81732915017975,51.5672418652267,0.6
4.81442200096083,51.5690254161779,0.6
4.82092353779888,51.5681582142592,0.6
4.82376346329606,51.5717674452218,0.6
4.82087869848426,51.5717535086794,0.6
4.8150865238133,51.5735230673774,0.6
4.8072679342836,51.5644957551588,0.6
4.80963690545502,51.5483276556201,0.6
4.84275083206526,51.5821985080489,0.47
4.81250880892322,51.5492406914473,0.56
4.81374625824457,51.5654265962841,0.56
4.84381703103128,51.5835477438154,0.44
4.84093150941026,51.583534301082,0.51
4.83085423336712,51.5816890429166,0.68
4.80790874996964,51.5707910914178,0.68
4.8107649211933,51.5730524034374,0.68
4.80714164500329,51.5743827960851,0.73
4.77603202149761,51.581415379043,0.77
4.77457114543207,51.5827560552456,0.77
4.77889329049796,51.5832280576992,0.77
4.78604746314363,51.5877594483327,0.77
4.77739017222446,51.5877146279497,0.82
4.78608317880959,51.5850629947534,0.71
4.78466424623052,51.5832579340925,0.71
4.77309802149879,51.5849955290426,0.78
4.7795966545853,51.5845767792624,0.78
4.77746262742491,51.5823217271127,0.78
4.78175478809209,51.5850406664169,0.78
4.77306153420487,51.5876919773892,0.83
4.77525009230036,51.5859056832115,0.83
4.77601991899156,51.5823141958992,0.79
4.77745055293887,51.5832205440938,0.79
4.77455294729082,51.5841042799961,0.79
4.7788571494548,51.5859245088059,0.79
4.78031199228128,51.5850331880305,0.79
4.77523186853455,51.587257191567,0.84
4.77454081454806,51.5850030964476,0.81
4.77599571231892,51.5841118294022,0.81
4.77307369719246,51.5867931613439,0.81
4.7788330526709,51.5877221425264,0.81
4.77740828795589,51.5863664030348,0.81
4.78174279768176,51.5859394837696,0.81
4.7860950829426,51.5841641767535,0.69
4.78323346666718,51.5823516739431,0.69
4.78468810892069,51.5814602981274,0.69
4.7818027442499,51.5814453963069,0.69
4.77600781593201,51.5832130126856,0.8
4.77743244024158,51.5845687694922,0.8
4.78244623835606,51.5872919131152,0.8
4.77308585962376,51.5858943452283,0.8
4.7868640221039,51.5805724687547,0.7
4.78179075603289,51.5823442139391,0.7
4.78036607099167,51.5809885100056,0.72
4.77458934218993,51.5814078302223,0.76
4.77311018281759,51.5840967127867,0.76
4.77747470135875,51.5814229100618,0.76
4.77890533641045,51.5823292405239,0.76
4.78033602860798,51.5832355535018,0.76
4.78176677795403,51.5841418489942,0.76
4.78319758445128,51.5850481269995,0.76
4.77313450378668,51.5822990800652,0.74
4.78606532165549,51.586411221679,0.74
4.7775047894315,51.5791828840472,0.74
4.78898052571369,51.5841862906185,0.66
4.77604412352557,51.5805165441865,0.75
4.78177876726762,51.5832430315015,0.75
4.78464038135755,51.5850555697783,0.75
4.78467617784844,51.5823591161447,0.68
4.78324542631183,51.5814528561181,0.68
4.78613079207519,51.5814677223347,0.68
4.7731588225313,51.5805014470647,0.73
4.78357590169685,51.5837063457233,0.73
4.78034804594688,51.5823367361327,0.73
4.78633305132132,51.5661878022202,0.65
4.78922928380686,51.5653037709021,0.65
4.76180957757699,51.5665086342437,0.59
4.76327030497004,51.5651681154785,0.59
4.76324560543333,51.5669657480531,0.61
4.76471246573266,51.5651758031361,0.61
4.77153269165521,51.5674467993977,0.64
4.76687570796109,51.5651872945218,0.62
4.77192327796812,51.5652139745217,0.62
4.76470014479496,51.566074619656,0.63
4.76976003285742,51.5652025630764,0.63
4.77263219606741,51.566116578061,0.63
4.78924111887554,51.5644049510074,0.63
4.75891895524425,51.5669425771219,0.53
4.75895626063711,51.5642461299548,0.53
4.76182814477196,51.5651604100274,0.58
4.76472478610713,51.5642769865485,0.58
4.78921744819714,51.5662025907293,0.67
4.76328265389157,51.5642692990895,0.57
4.75786786845926,51.5646945379926,0.54
4.76325795548397,51.5660669317997,0.6
4.7892529534032,51.5635061310451,0.6
4.76184052224052,51.5642615938376,0.56
4.76037978198825,51.5656020948113,0.56
4.80507014739855,51.567181459152,0.65
4.79500969072225,51.5644343129776,0.65
4.79932449000392,51.5653549688434,0.65
4.80220883943847,51.5653694366825,0.61
4.79214895805326,51.5626220268266,0.61
4.79502141106399,51.5635354922565,0.61
4.79785898692068,51.5671453500909,0.71
4.80501252902099,51.5716755672752,0.71
4.80508166942191,51.5662826552426,0.64
4.80219726077137,51.5662682582067,0.64
4.79645183502668,51.5644416089869,0.64
4.7978939798656,51.5644488872029,0.62
4.80509319099025,51.5653838333462,0.62
4.79285823845978,51.5635245084283,0.63
4.80076666445589,51.5653622116598,0.63
4.80363946483262,51.5662754656218,0.63
4.79498624850434,51.5662319362968,0.69
4.7992895811109,51.5680514320914,0.69
4.79568393320947,51.5680332390561,0.69
4.79203116485833,51.5716102278815,0.69
4.80357601592929,51.5712122714693,0.69
4.80511623254687,51.5635861893511,0.55
4.7956956414187,51.5671344185114,0.7
4.7978706517689,51.5662465291958,0.7
4.80646640156128,51.5707839364611,0.7
4.79784732153917,51.5680441709182,0.7
4.79930121794055,51.5671526110765,0.7
4.80512775253522,51.5626873672525,0.53
4.79503313086996,51.5626366714681,0.58
4.79560196075475,51.5743249809624,0.67
4.79638167303016,51.5698345330243,0.67
4.79349704234364,51.5698199209467,0.67
4.79427688364698,51.5653294721238,0.67
4.80073184121465,51.5680586754695,0.67
4.8021625215939,51.5689647223734,0.67
4.80359325908096,51.5698707517866,0.67
4.79945244832808,51.5554679317559,0.57
4.79709114980432,51.5707369887138,0.66
4.80217989184271,51.5676164904217,0.66
4.80075505723947,51.5662610329974,0.66
4.79788231608386,51.5653477082331,0.66
4.79284647529825,51.5644233288654,0.66
4.80656984346134,51.5626945383376,0.54
4.80365101495036,51.5653766439113,0.6
4.79933612523771,51.5644561476255,0.6
4.79646352682185,51.5635427880773,0.6
4.7935910441931,51.5626293580435,0.6
4.79934775993962,51.5635573263402,0.56
4.8065583520185,51.5635933606214,0.56
4.79276382644365,51.5707373484218,0.68
4.79644014269703,51.565340429829,0.68
4.79931285423821,51.5662537899937,0.68
4.8007434494924,51.5671598542673,0.68
4.80575673750551,51.5698815239234,0.68
4.78382338720963,51.5922423830372,0.77
4.78164685465283,51.5931300200565,0.77
4.77736601607203,51.5895122610001,0.77
4.78744283269924,51.5913621272982,0.77
4.78746659087487,51.5895644918294,0.77
4.78458667747745,51.5891002491034,0.82
4.77733581784094,51.5917593019737,0.71
4.78308990825729,51.5931374823752,0.78
4.78311384013134,51.5913398483416,0.78
4.78168283740305,51.5904335694785,0.78
4.78314973383745,51.5886433967604,0.83
4.78601770308829,51.5900059885314,0.79
4.78169483055586,51.5895347524777,0.79
4.78026391303128,51.5886284562465,0.79
4.78313776981602,51.5895422140248,0.81
4.78456877363891,51.5904484751519,0.81
4.78750222406334,51.5868680380973,0.69
4.7889332311539,51.5877742460189,0.69
4.77809954889775,51.5886171973798,0.8
4.78455683710837,51.5913472924675,0.8
4.78312580524733,51.5904410312185,0.8
4.77877280106606,51.592216225594,0.7
4.7896723828003,51.5864328946921,0.67
4.77878485248947,51.5913174091219,0.72
4.78958365626054,51.5931708356949,0.72
4.78889175683118,51.5909201091236,0.76
4.78598792614168,51.5922535362231,0.76
4.78453296240918,51.5931449268861,0.76
4.77953042272286,51.5895235200291,0.76
4.78167084370163,51.5913323864087,0.76
4.78747846914765,51.5886656739891,0.76
4.77879690343667,51.5904185746437,0.74
4.77730561602168,51.5940063423886,0.74
4.78597601710716,51.593152353589,0.74
4.7888739799944,51.5922683358224,0.74
4.78165884945157,51.592231203268,0.75
4.78020380159708,51.5931225399298,0.75
4.78743095279632,51.5922609449265,0.75
4.78890953231624,51.5895718821521,0.75
4.78022183653789,51.5917743150682,0.73
4.7780392230735,51.5931112796076,0.73
4.78741907234994,51.5931597624839,0.73
4.78892138200607,51.5886730641207,0.73
4.78749034687713,51.5877668560784,0.73
4.80494336950656,51.5770685126932,0.65
4.7977248028917,51.5774817855417,0.65
4.80055765334211,51.5815409852972,0.65
4.79261109909168,51.582399723296,0.65
4.79918482569868,51.5761408181587,0.65
4.80059250047535,51.5788445245709,0.61
4.79653731783102,51.5855701659739,0.71
4.80052280142756,51.584237445398,0.71
4.79122149197141,51.5783476936171,0.71
4.79336773364726,51.5797069378088,0.71
4.78545711215263,51.577868732569,0.71
4.80206986056099,51.5761552725614,0.64
4.79913243188905,51.5801855091619,0.64
4.79917318354718,51.5770396384901,0.64
4.80277954880604,51.5770577115043,0.62
4.8005692695844,51.5806421651244,0.63
4.80493184108793,51.577967333702,0.63
4.80061572924171,51.5770468837406,0.63
4.79916154086329,51.5779384587525,0.63
4.79471650795168,51.5869048087971,0.69
4.80195398642934,51.5851434944245,0.69
4.79475170758405,51.5842083515812,0.69
4.787573475774,51.58147512874,0.69
4.79479863298815,51.5806130563881,0.69
4.79339712776431,51.5774598893095,0.69
4.78620814512417,51.5756254023399,0.69
4.78835410792588,51.5769847250054,0.69
4.79482209236185,51.5788154352663,0.69
4.80196557622012,51.5842446743435,0.7
4.79620033215655,51.5837662421052,0.7
4.80050537374174,51.5855856752687,0.7
4.79473410843695,51.5855565803242,0.7
4.7883363223923,51.5783329533483,0.7
4.79481036290669,51.5797142548258,0.7
4.79337949167114,51.5788081184385,0.7
4.78619029641027,51.5769736302466,0.7
4.79123919180628,51.5769994647031,0.7
4.80192500969775,51.5873905443764,0.67
4.78751410070632,51.585969220046,0.67
4.7918661638766,51.5841936978522,0.67
4.79477517132262,51.5824107130879,0.67
4.79118018742156,51.5814935601305,0.67
4.78828295821384,51.5823776370237,0.67
4.7976839501821,51.5806276553234,0.67
4.80197716548084,51.5833458541927,0.72
4.7979918029961,51.5846786111298,0.72
4.79766060287778,51.5824252948492,0.72
4.79120379079443,51.5796959221674,0.72
4.78182671903922,51.5796477608339,0.72
4.78400260037387,51.5787601184279,0.72
4.79909749664887,51.5828819690139,0.74
4.79774230910144,51.5761335552962,0.66
4.79770729535108,51.57883001552,0.66
4.7933442159863,51.5815045763414,0.66
4.80202351722389,51.5797505728935,0.6
4.80348926523772,51.577960141665,0.6
4.79832385186291,51.58690782732,0.68
4.80194239610846,51.5860423144355,0.68
4.80495489739804,51.5761696916155,0.68
4.80200034241226,51.5815482136821,0.68
4.79483968560422,51.5774672058536,0.68
4.79625299270254,51.5797215540417,0.68
4.79622373821059,51.5819686031647,0.68
4.78901616001582,51.5814825173433,0.68
4.79908002716637,51.584230198649,0.73
4.80126163416851,51.5828897115037,0.73
4.78115340705763,51.5760487194883,0.73
4.79764892842479,51.5833241145078,0.73
4.78111145061029,51.5791913707348,0.73
4.76289957464389,51.5921325751598,0.65
4.7651565172564,51.5854024868435,0.77
4.76871452711907,51.5890173896928,0.77
4.77011466918248,51.5921708651945,0.77
4.77154549485888,51.5930772852045,0.77
4.77300071092106,51.5921860565572,0.77
4.76868390068021,51.5912644276999,0.77
4.7702002180406,51.5858791566147,0.77
4.77304937066093,51.5885907933641,0.82
4.76364578609019,51.5903387885647,0.71
4.77164303855339,51.5858867598236,0.78
4.77018188851624,51.5872273802309,0.78
4.7697725754539,51.590816017516,0.78
4.7737100697002,51.5930886522445,0.78
4.77155768977285,51.5921784697795,0.78
4.77301287669072,51.591287240865,0.78
4.77015744710348,51.5890250113953,0.79
4.77156988412899,51.5912796542835,0.79
4.77163084754347,51.586785575743,0.79
4.76360873134703,51.5930352317908,0.63
4.77160646385076,51.5885832073709,0.81
4.77303720656062,51.5894896092684,0.81
4.76578561077145,51.5921479445955,0.69
4.77161865597594,51.5876843915922,0.8
4.77194859636094,51.5899380199291,0.8
4.7643549297134,51.591241454273,0.7
4.76434259242549,51.5921402687813,0.67
4.76722862968047,51.5921556026025,0.72
4.76579791947308,51.5912491298888,0.72
4.76865939706184,51.5930620578335,0.72
4.76299230498309,51.5853914661747,0.76
4.76801146287499,51.5876653424605,0.76
4.76296139835867,51.5876385029048,0.76
4.76582253518732,51.5894515002627,0.74
4.76367048642749,51.5885411593932,0.74
4.76577330150675,51.5930467592313,0.66
4.76512571089445,51.5876500284261,0.75
4.77010244568078,51.5930696804229,0.75
4.76867164915125,51.5921632428021,0.75
4.76724704971113,51.5908073802774,0.75
4.7672163490034,51.5930544174363,0.68
4.76291194051805,51.5912337608504,0.68
4.76581022761169,51.5903503151111,0.73
4.76365813654129,51.5894399740143,0.73
4.77909108369681,51.5953685838093,0.77
4.78307794149918,51.5940362992856,0.77
4.7801917776603,51.5940213564538,0.77
4.79174824133399,51.5931818823209,0.71
4.78740719136008,51.5940585799703,0.71
4.78090130825083,51.5949239086469,0.78
4.78163485930536,51.5940288367739,0.79
4.78592837552075,51.5967476223413,0.69
4.78739530982669,51.5949573973857,0.69
4.79099133768111,51.5958704689127,0.69
4.77151500520109,51.5953243235141,0.7
4.79137008477349,51.5945237511126,0.7
4.78595219740369,51.5949499881076,0.7
4.77296421027276,51.5948825032073,0.72
4.78450311602981,51.595391969567,0.72
4.773697917112,51.5939874678923,0.76
4.77654778643568,51.5966990186869,0.76
4.78161086696413,51.5958264699952,0.76
4.78306597419361,51.5949351161248,0.76
4.77587464573521,51.5930999927025,0.76
4.77512887171771,51.5948938441222,0.74
4.77438910849779,51.5962382962011,0.75
4.78305400634056,51.5958339328928,0.75
4.78452102424044,51.5940437439889,0.75
4.77874869656531,51.5940138583254,0.75
4.77729353435373,51.5949051584533,0.75
4.77586253603074,51.5939988086435,0.75
4.77153329938704,51.5939761005584,0.75
4.78810499848907,51.5958599060439,0.68
4.77295204227676,51.595781318615,0.73
4.78596410752784,51.5940511708838,0.73
4.77555961327632,51.616469183757,0.65
4.77776154647009,51.6137840347684,0.65
4.7799451657502,51.6124470794197,0.65
4.77852562540807,51.6106419475427,0.65
4.7914886217617,51.6129558630167,0.65
4.78424629562458,51.6147164995574,0.65
4.7972750638121,51.6120863061627,0.65
4.7987303869666,51.6111947589799,0.65
4.82544314705429,51.6108835441904,0.65
4.80450491868118,51.6112236615663,0.52
4.77699131292534,51.6173755366245,0.59
4.80161765176163,51.6112092459077,0.59
4.81890749629026,51.6139911310312,0.59
4.80016238477282,51.6121008291007,0.61
4.77563234634582,51.6110762978775,0.61
4.81891875963567,51.6130923110328,0.61
4.78286844136421,51.609765079614,0.71
4.78718134924111,51.6111360985783,0.71
4.77708806140258,51.6101850205598,0.64
4.77701550336579,51.6155779080501,0.64
4.77991507529696,51.6146940987023,0.64
4.77849546609449,51.6128889846548,0.64
4.78713377850608,51.6147313623125,0.64
4.78858938568187,51.6138399419733,0.64
4.79871872402557,51.6120935765406,0.64
4.81894128478007,51.6112946708165,0.64
4.77706387760411,51.6119826500169,0.62
4.78279057520746,51.6156078298302,0.62
4.77554748915607,51.6173679978123,0.62
4.8001740190979,51.6112020113524,0.62
4.77562022555453,51.6119751123745,0.63
4.77705178487476,51.6128814646355,0.63
4.77700340842237,51.6164767223742,0.63
4.77845927044351,51.6155854286529,0.63
4.79004493561975,51.61294850336,0.63
4.77850753020712,51.6119901698418,0.63
4.8174976458292,51.6112876500699,0.63
4.8189300224656,51.6121934909612,0.63
4.82036245633616,51.6130993143242,0.63
4.784998048908,51.6124699568897,0.69
4.78141284642343,51.6106569331582,0.69
4.78934679120958,51.6111471775174,0.69
4.7929440863875,51.6120643881227,0.69
4.79513304294763,51.6102777261905,0.69
4.77697921687467,51.6182743508007,0.55
4.78501590855297,51.61112496606,0.7
4.79223990303888,51.610715666983,0.7
4.81461036947895,51.6112735551243,0.58
4.8196181093613,51.614893448267,0.58
4.77559598230771,51.6137727411483,0.67
4.77996923564037,51.6106494492589,0.67
4.78570195887506,51.6138251331863,0.67
4.78861311381409,51.6120423097236,0.67
4.79583140413373,51.6120790179671,0.67
4.77553536448086,51.6182668117935,0.57
4.80160604605255,51.6121080638431,0.57
4.7813828868307,51.6128997312385,0.66
4.7756081042085,51.6128739267982,0.66
4.77557173684165,51.6155703696279,0.66
4.77702759775564,51.6146790936522,0.66
4.7871456720063,51.6138325464891,0.66
4.78860125001947,51.6129411258851,0.66
4.79005677079736,51.6120496870076,0.66
4.79728675536905,51.61118748879,0.66
4.82038492424636,51.6113016737456,0.66
4.80304970786343,51.6121152807677,0.54
4.77844720412204,51.6164842431716,0.6
4.82251681068296,51.6140085727087,0.6
4.8030612849565,51.6112164626456,0.56
4.80594855293438,51.6112308426695,0.51
4.7755838598521,51.614671555425,0.68
4.78353639022979,51.6138139730763,0.68
4.78715756496218,51.6129337305922,0.68
4.79150042832227,51.612057046474,0.68
4.79438774499176,51.6120717119538,0.68
4.79584312430655,51.6111802007829,0.68
4.73027628996593,51.5528524249144,0.59
4.73173750527002,51.5515122996961,0.59
4.73315334442786,51.5533180017084,0.59
4.73171156738537,51.5533099253117,0.61
4.73462094583194,51.5515284338685,0.55
4.73241950029698,51.5542127718076,0.58
4.73029578587737,51.5515042059305,0.58
4.73316628513727,51.5524191887251,0.58
4.73317922525531,51.5515203756754,0.57
4.73172453662403,51.5524111125371,0.6
4.73460157829727,51.5528766537911,0.56
4.71509398917273,51.6044473450358,0.65
4.72807146994177,51.6054247184548,0.65
4.726601856967,51.6072141924949,0.65
4.72219238813051,51.612577896284,0.65
4.72862352627744,51.617113278831,0.65
4.72926717590899,51.6225101906627,0.65
4.72508620134473,51.6121494736838,0.65
4.73403099976177,51.617598083169,0.65
4.73214214378575,51.6234252009346,0.65
4.73429520984611,51.624336107521,0.65
4.73644836248605,51.6252469880583,0.65
4.73786667947576,51.6270526259586,0.65
4.74222462995399,51.6252789684017,0.65
4.74368145736475,51.62438810995,0.65
4.74517641359211,51.6208008049665,0.65
4.74230134743998,51.6198861146473,0.65
4.74250582443019,51.6055051582512,0.65
4.76128297543205,51.6047082537643,0.65
4.75981469472073,51.6064981473237,0.65
4.76703821610355,51.6060872245396,0.65
4.76557627666402,51.6074277836585,0.65
4.76267689214117,51.6083112204796,0.65
4.75976490020368,51.6100977528343,0.65
4.75835875976311,51.607389209562,0.65
4.74827958266684,51.6055368353797,0.65
4.74658223974223,51.6235051476567,0.65
4.76260881374322,51.6132546908106,0.65
4.76257786325128,51.6155017219582,0.65
4.76687226181876,51.6182212035153,0.65
4.76400927219505,51.6164082333069,0.65
4.76118373578503,51.6118987559893,0.65
4.75687153890375,51.6105272837852,0.65
4.76099756348137,51.6253809349506,0.52
4.75952859831752,51.6271708205083,0.52
4.70569833922826,51.6052964827117,0.59
4.72924108686769,51.6243078046882,0.59
4.71214024078802,51.6089294003606,0.59
4.72938454704238,51.6144209238517,0.59
4.73225900502496,51.6153359310226,0.59
4.73640965220032,51.6279434114402,0.59
4.73514650423372,51.6153520591971,0.59
4.76270164369923,51.6065135943779,0.59
4.74219905277557,51.6270765857196,0.59
4.74074210964954,51.6279674252974,0.59
4.74800090678896,51.6253106635597,0.59
4.75524632530856,51.6235522601764,0.59
4.75810941353728,51.6253654438556,0.59
4.72228456889298,51.6062908511489,0.77
4.70930689865224,51.6053174835581,0.61
4.71504064330328,51.6080472183385,0.61
4.72358336777212,51.6161859256484,0.61
4.72639232434547,51.6215951098655,0.61
4.72797349426845,51.6121657785711,0.61
4.73068512125165,51.6243159154204,0.61
4.72937150819288,51.6153197315723,0.61
4.72803228367854,51.6081211429708,0.61
4.72950186983894,51.6063316510519,0.61
4.7656194864971,51.6042747534766,0.61
4.76161252106904,51.6069620037115,0.61
4.73800826977639,51.6171657338179,0.61
4.73857588029274,51.6279554316702,0.61
4.75380230960595,51.6235444526479,0.61
4.74948290933493,51.6226221131775,0.61
4.75752470256108,51.6154746290976,0.61
4.75523379587972,51.6244510708574,0.61
4.75666533942111,51.6253576715717,0.61
4.76541608772738,51.6191123522924,0.61
4.7251846061741,51.6054084167294,0.71
4.72080149331999,51.6089790588501,0.71
4.72225821525503,51.6080884657299,0.71
4.72371487997143,51.6071978542969,0.71
4.74226938445269,51.6221331374335,0.71
4.76690914939519,51.6155247648884,0.71
4.76693373829904,51.6137271387678,0.71
4.71219374908432,51.605334177185,0.64
4.71361047950809,51.6071401094424,0.64
4.71506728302032,51.6062496058908,0.64
4.72216595852516,51.6143801144513,0.64
4.72504026750581,51.615295280799,0.64
4.7164043943763,51.6134483403141,0.64
4.72364255578308,51.6121412945143,0.64
4.72654294149744,51.6112588274779,0.64
4.72783627164052,51.6216032556125,0.64
4.72791469260445,51.6162104125553,0.64
4.73500429709248,51.6252389484123,0.64
4.73643545964821,51.6261457959276,0.64
4.73212915623149,51.624324008329,0.64
4.73069813743841,51.6234171082353,0.64
4.73512065371539,51.6171496760885,0.64
4.76413277215118,51.6074201044694,0.64
4.73799540087674,51.6180645425676,0.64
4.73931080332133,51.6270606303706,0.64
4.7407677452737,51.6261698085424,0.64
4.7466012905633,51.6221569333834,0.64
4.75090166459853,51.624427594195,0.64
4.76150161533515,51.6150378622603,0.64
4.76544073838331,51.6173147271598,0.64
4.75832759704331,51.609636744737,0.64
4.76560091265809,51.6056301566159,0.64
4.71073021626356,51.6066740478464,0.62
4.71287537471336,51.6080347505223,0.62
4.71783481272668,51.6143553970338,0.62
4.72215277657945,51.6152789211164,0.62
4.72502714211591,51.61619410577,0.62
4.7264054246303,51.6206963030864,0.62
4.72782319938576,51.6225020625275,0.62
4.72925413168692,51.6234089977129,0.62
4.73152413410901,51.6162306890526,0.62
4.72792776067137,51.6153116051189,0.62
4.73384520463853,51.6054571081399,0.62
4.73023661936758,51.6054368912391,0.62
4.72804534636401,51.6072223348718,0.62
4.76273258003034,51.6042665614008,0.62
4.74106878819693,51.6050477894081,0.62
4.73513357927035,51.6162508676799,0.62
4.74221184165752,51.6261777770983,0.62
4.73642255621964,51.6270446037216,0.62
4.74075492775503,51.6270686169576,0.62
4.74729155919643,51.6244079010207,0.62
4.74803892457135,51.6226142345598,0.62
4.74518914112134,51.6199019954097,0.62
4.74944497745147,51.6253185427888,0.62
4.75235829447821,51.6235366272962,0.62
4.75378975154397,51.6244432631271,0.62
4.76684151837063,51.6204682352537,0.62
4.76399691909037,51.6173070457857,0.62
4.76112169255252,51.616392817497,0.62
4.75753718332587,51.6145758173708,0.62
4.75900581677931,51.6127859542572,0.62
4.76415129233911,51.6060718845717,0.62
4.76633493939559,51.6047351688566,0.62
4.76102239384158,51.6235833120569,0.5
4.75951615250939,51.6280696314919,0.5
4.71651738430018,51.605808487369,0.63
4.71217368469523,51.6066823860763,0.63
4.7107503235616,51.6053258392783,0.63
4.71505396346656,51.6071484121512,0.63
4.72072224262637,51.6143718991161,0.63
4.72649710983607,51.6144046535467,0.63
4.72641852431547,51.6197974962326,0.63
4.7264643685647,51.6166516717197,0.63
4.72805840845174,51.6063235266998,0.63
4.73240177007244,51.6054490374394,0.63
4.72935846874658,51.6162185392189,0.63
4.73356023229092,51.6252308909423,0.63
4.7349913656194,51.6261377560736,0.63
4.73656446145073,51.6171577138631,0.63
4.73368980074875,51.6162428122937,0.63
4.76558859494289,51.6065289701736,0.63
4.76271401862881,51.6056147812178,0.63
4.75901826721437,51.6118871421088,0.63
4.74374524398872,51.6198940639392,0.63
4.74512549764857,51.6243960424463,0.63
4.74982532763291,51.6239634464507,0.63
4.75234570778314,51.6244354375729,0.63
4.75969034198651,51.6154862709086,0.63
4.76256548209043,51.6164005343119,0.63
4.76542841333743,51.6182135397632,0.63
4.76685996483429,51.6191200162427,0.63
4.75972133524801,51.6132464789523,0.63
4.76015660622597,51.6078531018498,0.63
4.72662803775845,51.605416576499,0.69
4.73938144996994,51.6221171843545,0.69
4.74156660031688,51.6207809356108,0.69
4.74079337855069,51.6243721914863,0.69
4.74369421585757,51.6234893008975,0.69
4.75910540430786,51.6055954550192,0.69
4.76989467131565,51.6083413913045,0.69
4.76550235515158,51.6128206630341,0.69
4.76546538678273,51.6155171017309,0.69
4.76689685409917,51.616423577838,0.69
4.70925316149447,51.6089127050069,0.55
4.7595597104144,51.6249237927798,0.55
4.75965302506685,51.6181827065485,0.55
4.70782308659047,51.608005525571,0.55
4.70639306890429,51.6070983286804,0.55
4.70064636214994,51.6052669751515,0.55
4.72370173145966,51.6080966617628,0.7
4.72224503753156,51.6089872729106,0.7
4.74081900948085,51.6225745741299,0.7
4.72517148747173,51.6063072245528,0.7
4.74371335257267,51.6221410872393,0.7
4.75622476707345,51.6051305132471,0.7
4.76548387167026,51.6141688825245,0.7
4.76694603190695,51.612828325597,0.7
4.70926659670607,51.6080138997545,0.58
4.70208978335165,51.6052754377531,0.58
4.72213959403041,51.6161777277075,0.58
4.730672104469,51.6252147225303,0.58
4.72497463487563,51.6197893330858,0.58
4.73081525631118,51.6153278402069,0.58
4.72939758529513,51.6135221160571,0.58
4.73802113808703,51.616266924994,0.58
4.74583480191337,51.6252988045445,0.58
4.733534311481,51.6270285057728,0.58
4.73856301864146,51.6288542396242,0.58
4.75812188627072,51.6244666328469,0.58
4.75669034158474,51.6235600498815,0.58
4.76110928220212,51.6172916295771,0.58
4.72513212776255,51.6090036475848,0.67
4.71934471416377,51.6098696336561,0.67
4.72077507884001,51.6107766725665,0.67
4.71858974751296,51.6121161546467,0.67
4.73145914260885,51.6207247277424,0.67
4.72295364587367,51.6098901737235,0.67
4.74005852858148,51.6252670024415,0.67
4.73790530208347,51.6243562017282,0.67
4.73724771416679,51.6198581450322,0.67
4.74085745147645,51.6198781475341,0.67
4.74539270238461,51.6055210324434,0.67
4.74373248783187,51.6207928732908,0.67
4.74515095678574,51.6225984238561,0.67
4.75619350749477,51.6073775437378,0.67
4.76406485423859,51.612363576298,0.67
4.76545306286507,51.6164159144823,0.67
4.76556395782144,51.6083265970706,0.67
4.7612705724629,51.6056070667975,0.67
4.75983955843948,51.6047005217298,0.67
4.76701978174056,51.6074354450325,0.67
4.76688455824037,51.6173223907137,0.67
4.72081469965342,51.6080802518817,0.72
4.76692144412847,51.614625951865,0.72
4.70568483434687,51.6061952876405,0.57
4.7321031793392,51.6261216228923,0.57
4.74072929095719,51.6288662335617,0.57
4.75809694023281,51.6262642547891,0.57
4.71069670083449,51.6089210615915,0.57
4.75966546460942,51.6172838947426,0.57
4.72229774480753,51.6053920437489,0.76
4.7215496488346,51.6071855471354,0.74
4.72372802788154,51.606299046758,0.74
4.71856992283029,51.6134607297459,0.66
4.71787461240956,51.6116589964681,0.66
4.71933147800905,51.6107684402647,0.66
4.72075526646675,51.6121248827236,0.66
4.72511244595447,51.6103518589159,0.66
4.73151113699888,51.6171294969393,0.66
4.73435992694801,51.6198420682353,0.66
4.72506651623799,51.6134976845039,0.66
4.72784934329689,51.6207044486227,0.66
4.72928021953395,51.6216113835374,0.66
4.73323195705807,51.6229767944473,0.66
4.7364612647332,51.6243481801138,0.66
4.73798253138804,51.6189633512429,0.66
4.7382466878252,51.6257114209145,0.66
4.7468361422354,51.6055289428186,0.66
4.75260990743194,51.605560406179,0.66
4.75837122108419,51.6064903970747,0.66
4.76412042469878,51.6083189176828,0.66
4.76193034366855,51.6101049840605,0.66
4.76402162473433,51.6155094207542,0.66
4.76262738222836,51.6119064718063,0.66
4.72374117519003,51.605400239146,0.75
4.75808446635728,51.6271630656475,0.54
4.75954104355587,51.6262720094493,0.54
4.75957837585256,51.6235755758218,0.54
4.70928674844532,51.6066656918021,0.6
4.71430555189722,51.6089418683599,0.6
4.71071010743645,51.608022256123,0.6
4.72501401620708,51.6170929127105,0.6
4.72781012653257,51.6234008693675,0.6
4.73497843355429,51.6270365636597,0.6
4.73354727218263,51.6261296983952,0.6
4.73211616808265,51.6252228156483,0.6
4.73657735838355,51.6162589052466,0.6
4.72070903206154,51.6152707055688,0.6
4.72801922039529,51.6090199509966,0.6
4.73370275433291,51.6153440040193,0.6
4.73528863979705,51.6054651610265,0.6
4.7516488875947,51.6226338909362,0.6
4.75967790358263,51.6163850828626,0.6
4.75667784078907,51.6244588607641,0.6
4.76255310036287,51.6172993465915,0.6
4.76246641239893,51.6235910304687,0.47
4.7363967475902,51.6288422190832,0.56
4.70783654979555,51.6071067204619,0.56
4.75813435843318,51.6235678217633,0.56
4.76100997894566,51.6244821235412,0.51
4.76098514744868,51.6262797462848,0.51
4.72515180836546,51.6076554362134,0.68
4.71935794971279,51.608970826974,0.68
4.7207882863822,51.609877865745,0.68
4.72368858234618,51.6089954691555,0.68
4.73793104754189,51.622558585199,0.68
4.72929978392439,51.6202631727715,0.68
4.74223741766503,51.62438015963,0.68
4.74394926311577,51.6055131042543,0.68
4.75839614201574,51.6046927718816,0.68
4.75620601172832,51.6064787315521,0.68
4.76914243980636,51.610573126175,0.68
4.76700749150784,51.6083342586427,0.68
4.74267823555236,51.5933712118445,0.65
4.73838763765091,51.590650825005,0.65
4.73403933954319,51.5919749632243,0.65
4.7427356821734,51.5893265600609,0.65
4.74136950743645,51.5839257299917,0.65
4.74279949796461,51.5848325009099,0.65
4.73841976378286,51.5884038152393,0.59
4.739166880365,51.5866101859194,0.59
4.72982751312179,51.5838614180741,0.77
4.72694202047085,51.5838451620667,0.82
4.72836519561062,51.5852015139518,0.82
4.73699618766372,51.5870475855519,0.61
4.73847115818947,51.5848085702521,0.61
4.73835550755007,51.5928978698814,0.61
4.74133113573461,51.5866221652877,0.61
4.73270004672158,51.5847764134619,0.71
4.73154622266501,51.5897188733712,0.71
4.72834562323564,51.5865497286502,0.78
4.72980147536133,51.5856590383499,0.78
4.73552107100772,51.5892865814472,0.64
4.7355726964022,51.5856913384013,0.64
4.74088754653782,51.5924574582127,0.64
4.73703481743684,51.5843511522214,0.64
4.74129275876731,51.5893185999495,0.64
4.74274844649921,51.5884277483719,0.64
4.74278673597385,51.5857313128811,0.64
4.72691586840846,51.585642781502,0.83
4.72981449453927,51.5847602282472,0.79
4.72690279148017,51.586541591114,0.79
4.72692894473868,51.5847439718195,0.85
4.73554043170923,51.5879383654986,0.62
4.73701550314128,51.5856993689049,0.62
4.73840691379206,51.5893026083687,0.62
4.73991393752867,51.5848165649414,0.62
4.73848400532205,51.5839097588294,0.62
4.74134392688689,51.5857233535927,0.62
4.7427739733994,51.5866301247818,0.62
4.74130555167486,51.5884197884662,0.62
4.73979854412423,51.5929058664311,0.62
4.73620384912451,51.5919870244471,0.63
4.73555979093904,51.5865901492687,0.63
4.74135671745415,51.5848245418273,0.63
4.74276121024119,51.5875289366122,0.63
4.73992675608613,51.583917753312,0.63
4.73415575656033,51.5838856685644,0.69
4.73268708469606,51.5856752239831,0.69
4.72977543521901,51.587456658344,0.69
4.73192674966809,51.5883676083334,0.69
4.73406521413319,51.5901773426842,0.69
4.73260930009169,51.5910680856275,0.69
4.72838476649798,51.5838532989718,0.8
4.72833257428796,51.5874485384021,0.7
4.72973637053883,51.590153087805,0.7
4.73123128853571,51.5865659503101,0.7
4.73263523066509,51.5892704653625,0.7
4.73915404575905,51.5875089972342,0.58
4.73412989025336,51.5856832900941,0.67
4.73559850555785,51.5838937164556,0.67
4.73407815054055,51.5892785323077,0.67
4.73405227713408,51.5910761529898,0.67
4.72830647460199,51.5892461576937,0.67
4.74271653466089,51.5906747775223,0.67
4.74281225937169,51.5839336888685,0.67
4.73271300815428,51.5838776028704,0.72
4.72688971395376,51.5874404006555,0.72
4.74127356837989,51.5906668171022,0.66
4.74269738569264,51.5920229947028,0.66
4.73259633391537,51.5919668956535,0.66
4.73550170912127,51.5906347973588,0.66
4.73558560127512,51.5847925274636,0.66
4.73410402158021,51.5874809113421,0.66
4.73125727033337,51.5847683297562,0.75
4.72978845558792,51.5865578483822,0.75
4.73697687071783,51.5883958019181,0.6
4.73917971438393,51.5857113745341,0.6
4.74131834399728,51.5875209769123,0.6
4.73986265743564,51.5884118107554,0.6
4.7341428237026,51.5847844793644,0.68
4.73194616538528,51.5870229441405,0.68
4.72976241425455,51.5883554682351,0.68
4.72828689834309,51.5905943720381,0.68
4.73124427973162,51.5856671400684,0.73
4.76380629790249,51.5786541939272,0.65
4.76159286539339,51.5822378867048,0.71
4.75867012181411,51.5849188757926,0.71
4.75723357292234,51.5844617055791,0.69
4.75870746133811,51.5822224327597,0.69
4.76016257984106,51.5813313629159,0.69
4.76592097560596,51.5822609610072,0.7
4.76160525354225,51.5813390897545,0.7
4.75869501539934,51.583121247174,0.7
4.75656214907675,51.5808620499742,0.67
4.76019982682773,51.5786349184451,0.67
4.76665461597812,51.5813659867597,0.67
4.76161764120177,51.5804402748007,0.67
4.76010049017277,51.585825435638,0.72
4.76013774567751,51.5831289922147,0.72
4.76154330674598,51.5858331634754,0.74
4.76522425664743,51.5804594799434,0.66
4.76164241482138,51.5786426446845,0.66
4.76445360778079,51.5840509177292,0.75
4.75658087296162,51.5795143057871,0.68
4.75508193339387,51.583551206983,0.68
4.76376926518488,51.5813506398928,0.68
4.7637445739984,51.5831482433531,0.73
4.76011911863317,51.5844772140643,0.73
4.82346212639581,51.596035663398,0.65
4.83212106235519,51.5960770747855,0.65
4.83938026414336,51.5925157983443,0.65
4.83216504215728,51.5924817821414,0.65
4.83079914464421,51.5861831618746,0.65
4.84164378454506,51.5842951751113,0.52
4.8336957923529,51.5852980309108,0.59
4.83789369640667,51.596104326182,0.59
4.83654870850697,51.5880081252478,0.59
4.83934770890606,51.5952122705724,0.59
4.82272936718019,51.5969309985914,0.61
4.83211006614711,51.5969758977691,0.61
4.83790457773869,51.5952055024228,0.61
4.83871306167444,51.5880182886672,0.61
4.83510580703555,51.5880013228866,0.61
4.83367386866188,51.5870956788534,0.61
4.8322419874498,51.5861900172982,0.61
4.83509487251927,51.5889001468592,0.64
4.83870219861524,51.5889171130784,0.64
4.84084495386955,51.5907248993066,0.64
4.83226396729444,51.5843923695695,0.64
4.84082331003495,51.5925225481609,0.62
4.83936941289402,51.5934146224911,0.62
4.83066688029414,51.5969690402182,0.62
4.82561573381553,51.5969448917952,0.62
4.83791545857292,51.5943066785925,0.62
4.83225297762345,51.5852911934687,0.62
4.82850210248678,51.5969587137584,0.63
4.84083413219977,51.591623723769,0.63
4.84085577504432,51.5898260747737,0.63
4.83223099677348,51.5870888410578,0.63
4.83366290606427,51.5879945027198,0.63
4.83653780257349,51.5889069493963,0.63
4.82635954643009,51.5951507160901,0.69
4.83077710562735,51.5879808089693,0.69
4.83945620899188,51.5862240273454,0.55
4.84078212892527,51.5959424295055,0.55
4.83729194124496,51.5862138643322,0.53
4.8409102997255,51.585296526328,0.53
4.84081248737506,51.5934213724823,0.58
4.84206615248857,51.59161392725,0.58
4.84087741590896,51.5880284254973,0.58
4.83944536121652,51.5871228519843,0.58
4.83368483075808,51.5861968549171,0.58
4.83511674105169,51.5871024988439,0.58
4.8365923272529,51.5844128279542,0.46
4.83687098460765,51.5911597970745,0.67
4.83072751052867,51.592025513959,0.67
4.82924027475936,51.5956139309448,0.67
4.82347329365931,51.5951368414141,0.67
4.83290852211461,51.5906875501346,0.67
4.83940196515292,51.5907181498389,0.67
4.83508393750282,51.5897989707616,0.67
4.83796985527839,51.5898125583809,0.67
4.83800248733032,51.5871160854094,0.57
4.84088823559891,51.5871296007539,0.57
4.84079625251731,51.5947696088843,0.57
4.83933685616737,51.5961110945066,0.57
4.84197971114144,51.5880550013054,0.57
4.82562685869847,51.5960460696134,0.66
4.83067790509669,51.5960702174119,0.66
4.83361905072723,51.5915897795555,0.66
4.83365194296522,51.5888933265161,0.66
4.83941281491321,51.5898193254806,0.66
4.83652689614115,51.5898057734745,0.66
4.83939111489631,51.5916169741269,0.66
4.83222000559444,51.5879876647474,0.66
4.83081567264534,51.5848349264234,0.66
4.84137434802549,51.586253531755,0.54
4.8351386075837,51.5853048505487,0.54
4.83355348586401,51.5969636134476,0.6
4.83935856114826,51.5943134465672,0.6
4.84086659572411,51.5889272501706,0.6
4.83803511490485,51.5844196118081,0.47
4.83655961394161,51.5871093010293,0.56
4.84202952595579,51.5872785931322,0.56
4.83512767456773,51.5862036747313,0.56
4.83514954009964,51.5844060262964,0.56
4.83802423954411,51.5853184364117,0.51
4.83658142331454,51.5853116523823,0.48
4.83074404332154,51.5906772790852,0.68
4.82491641978992,51.5951437876567,0.68
4.82780267357851,51.5951576267142,0.68
4.83795897693261,51.5907113825642,0.68
4.83507300198616,51.5906977945937,0.68
4.83256395137851,51.5893417408521,0.68
4.83078812538779,51.5870819854569,0.68
4.75065290770461,51.590714808201,0.65
4.75856429873776,51.5925587943394,0.65
4.74988719219235,51.5938601560247,0.82
4.76576099167895,51.593945573796,0.61
4.77171617290526,51.5804938628364,0.71
4.77022465554102,51.5840815249583,0.71
4.75145619331706,51.5848798635975,0.71
4.75432296273934,51.5862437530821,0.71
4.7499818604647,51.5871190616826,0.71
4.75140582765984,51.5884751338959,0.71
4.75135545286538,51.5920703851274,0.71
4.75707758260293,51.5956968759263,0.71
4.77009022161989,51.5939684955802,0.71
4.75496298702113,51.592089935193,0.71
4.75788641296743,51.5894090594676,0.71
4.75574703254988,51.5875997726954,0.71
4.75278589953333,51.5929770340397,0.78
4.75421640337711,51.5938836654779,0.78
4.76000105699044,51.5930203016403,0.64
4.76647633610522,51.5944021438242,0.64
4.75134285772653,51.5929691977579,0.79
4.75133026201149,51.5938680103172,0.84
4.76143796474329,51.5934730848219,0.62
4.75277333240685,51.5938758468016,0.81
4.75711502839773,51.5930004360393,0.69
4.75715246905401,51.590303995512,0.69
4.75283616229097,51.5893817822814,0.69
4.75219016114789,51.5839849808787,0.69
4.75442948054335,51.5786038354844,0.69
4.75731465254488,51.5786194125654,0.69
4.76884924155451,51.5791304169852,0.69
4.76953380845396,51.5818339892407,0.69
4.77246184287966,51.5786999905224,0.7
4.77027352383656,51.5804862608067,0.7
4.76951550629878,51.5831788942983,0.7
4.7558720662583,51.578611632925,0.7
4.74996292935216,51.5884672808217,0.7
4.7550005545961,51.5893934953593,0.7
4.75648096017384,51.5867048452419,0.7
4.75434176295047,51.584895532648,0.7
4.76003838638126,51.5903194886655,0.7
4.75854561972426,51.5939070146583,0.67
4.75713998986852,51.5912027018547,0.67
4.75437935964307,51.5821990914254,0.67
4.76864714441195,51.5939608727937,0.67
4.76740663645814,51.5791227796491,0.67
4.77168570276532,51.5827409036114,0.72
4.76878189274029,51.5840739043393,0.72
4.76735140556088,51.5831674503784,0.72
4.75072219638051,51.5857747639799,0.72
4.75864522595171,51.5867165041305,0.72
4.75465804744337,51.5880481796354,0.72
4.7514184199184,51.5875763209111,0.72
4.75279846608495,51.5920782212066,0.72
4.76077227361932,51.5894245523527,0.72
4.7694910413407,51.5849765258975,0.74
4.75565321980132,51.5943408729619,0.74
4.7498998164959,51.5929613436685,0.74
4.75136804742811,51.5911715724259,0.66
4.75282359746373,51.5902805953274,0.66
4.7659701821956,51.5786657166005,0.66
4.75439815612477,51.5808508706376,0.66
4.76732685487703,51.5849650813859,0.75
4.75422894191501,51.5929848525139,0.75
4.77165522900574,51.5849879438339,0.75
4.7635963786359,51.5939340460574,0.6
4.76882475306137,51.5809280490154,0.68
4.74559611474686,51.5911400329121,0.68
4.75067177133803,51.5893700156533,0.68
4.75570951128468,51.5902962132567,0.68
4.77166741890056,51.5840891277741,0.73
4.76733913049966,51.5840662659172,0.73
4.75286756486658,51.587135253664,0.73
4.76008807053519,51.5867242499721,0.73
4.75898695570159,51.5880714741343,0.73
4.75567198487024,51.5929926531804,0.73
4.78626168365629,51.5715807174641,0.71
4.80354704487842,51.5734660368624,0.71
4.80637441746534,51.5779745079386,0.64
4.78770394933703,51.5715959837746,0.69
4.8021046123753,51.573458827957,0.69
4.7862259924814,51.5742771741645,0.7
4.78340085193485,51.5697682180999,0.7
4.78629142262878,51.5693336698003,0.7
4.78986760842079,51.5715991881069,0.7
4.80211619527813,51.5725600069768,0.7
4.80353549000706,51.5743648579604,0.7
4.80352393460735,51.5752636789897,0.67
4.80065056840828,51.5743504219783,0.67
4.78478353785931,51.5742697514923,0.72
4.78481931471231,51.5715732953675,0.72
4.80570497829135,51.57392313473,0.72
4.78261391533303,51.5747047578083,0.74
4.80063895595605,51.5752492247103,0.66
4.80209302894284,51.5743576488686,0.68
4.78336499275757,51.5724646561331,0.73
4.76492851140072,51.6020310581425,0.65
4.76995572003358,51.6038554575876,0.65
4.7591427402329,51.6028990166028,0.65
4.77857990328985,51.6065972794271,0.65
4.77495906970784,51.6074772573982,0.65
4.77276945551468,51.6092635411003,0.65
4.76975996046868,51.6182364775575,0.65
4.7726598432837,51.617352866727,0.65
4.77417657405967,51.6119675569146,0.65
4.78372775656497,51.5994329176626,0.65
4.78731212387119,51.6012491172929,0.65
4.7858568967921,51.6021405233245,0.65
4.78008353747206,51.6021107019555,0.65
4.78440161250927,51.6030319110878,0.65
4.76824249228533,51.6236217258818,0.59
4.76969875619958,51.6227305424263,0.59
4.77581409167261,51.5975940716949,0.77
4.77578986616888,51.5993917027915,0.77
4.78722296655751,51.6079902419074,0.77
4.782982187723,51.6012268319987,0.61
4.76132018093455,51.6020118142298,0.61
4.7697109981741,51.6218317296015,0.61
4.77119159952714,51.6191429011669,0.61
4.77420087231691,51.6101699282382,0.61
4.76569943409211,51.5984396455488,0.71
4.76834064589606,51.6164312233739,0.71
4.7691115481233,51.6128397792859,0.71
4.76782745028627,51.6011475642969,0.71
4.77005354608178,51.5966649406245,0.71
4.78448520645724,51.5967401948703,0.71
4.78158687242758,51.5976241029311,0.71
4.77866431344254,51.6003055706381,0.71
4.77720894719991,51.6011968689044,0.71
4.77575352375662,51.6020881488974,0.71
4.77360067638917,51.6011779905035,0.71
4.77270856540495,51.6137576116284,0.71
4.7858151918706,51.6052863810916,0.71
4.78728835156152,51.6030467509059,0.71
4.77580197927327,51.5984928693391,0.78
4.78866056356345,51.6084470443456,0.78
4.75699638530869,51.6015425434906,0.64
4.76276351268502,51.6020195278522,0.64
4.76129537783369,51.6038094406586,0.64
4.76780290573206,51.6029451926578,0.64
4.78441355614107,51.602133094701,0.64
4.78223655968225,51.603020727721,0.64
4.77422516835027,51.6083722992692,0.64
4.77275119001254,51.6106117625096,0.64
4.76850006888154,51.6047466467312,0.64
4.76830384250409,51.6191276623719,0.64
4.77120381063465,51.6182440878476,0.64
4.78588072521524,51.6003428899506,0.64
4.78869614517591,51.6057505945468,0.79
4.78153887676734,51.6012193679432,0.62
4.77493480339704,51.6092748867083,0.62
4.77418872346629,51.611068742613,0.62
4.76972936015333,51.6204835102834,0.62
4.76826703405789,51.6218241007015,0.62
4.78297021603652,51.602125648265,0.62
4.7844254992264,51.6012342782422,0.62
4.78299415886173,51.6003280156604,0.62
4.76060476942508,51.6015551720417,0.63
4.76347282055262,51.6029221579374,0.63
4.76851232826022,51.6038478326326,0.63
4.76828543898116,51.6204758816794,0.63
4.76974772073548,51.61913529068,0.63
4.77410366594175,51.6173604411798,0.63
4.78155087650589,51.6003205517979,0.63
4.78443744176529,51.6003354617113,0.63
4.78586881127623,51.6012417066736,0.63
4.78152687647974,51.6021181840165,0.63
4.77566870539167,51.6083798539476,0.63
4.78867835504636,51.6070988195851,0.81
4.76030567890881,51.5970673428506,0.69
4.76423770275658,51.599780189283,0.69
4.76984562299281,51.6119447656821,0.69
4.7760849525389,51.604328635682,0.69
4.77214518283185,51.6020692254771,0.69
4.76571174673598,51.5975408313413,0.69
4.77006577182043,51.5957661256811,0.69
4.79022803021654,51.599038858468,0.69
4.78946525082969,51.6021590102099,0.69
4.78303006899185,51.5976315662146,0.69
4.77865225650449,51.601204386396,0.69
4.78217661877705,51.6075148071233,0.69
4.77999931983813,51.6084024110885,0.69
4.77414619817803,51.6142145924058,0.69
4.78437175110526,51.6052789517959,0.69
4.78583306618829,51.60393815641,0.69
4.76818726514906,51.627666381501,0.55
4.77407935878604,51.6191580686772,0.55
4.75776173945172,51.5983971937792,0.7
4.77122823124896,51.6164464430366,0.7
4.77127706554358,51.6128512063783,0.7
4.76845102575669,51.6083419023992,0.7
4.76999240899785,51.6011590142664,0.7
4.76861038309897,51.5966573172467,0.7
4.76715493719037,51.5975484905364,0.7
4.75851448537139,51.596154048325,0.7
4.78952446031649,51.5976649238465,0.7
4.78157487433597,51.5985229192918,0.7
4.78011962248705,51.5994142541001,0.7
4.77431018695838,51.6020805955864,0.7
4.77719686110919,51.6020956843959,0.7
4.77574140851061,51.6029869641219,0.7
4.78143685688488,51.6088593023176,0.7
4.78435383251662,51.6066271759115,0.7
4.76823022055641,51.6245205383597,0.58
4.77409151264204,51.6182592549656,0.58
4.76421918849967,51.601128409941,0.67
4.76063575859591,51.5993115041092,0.67
4.76428089751959,51.5966343402556,0.67
4.79020470678766,51.6008112805413,0.67
4.78590455145803,51.5985452562893,0.67
4.78301809949612,51.5985303827683,0.67
4.76717950360127,51.5957508615105,0.67
4.78156287569542,51.5994217355807,0.67
4.78010759469905,51.6003130701238,0.67
4.77864019901477,51.6021032020819,0.67
4.77931971251567,51.6052528022916,0.67
4.77138691019734,51.6047618792217,0.67
4.77133199359353,51.6088065435976,0.67
4.76977219964164,51.6173376643608,0.67
4.77130147937656,51.6110535786329,0.67
4.77411581868519,51.61646162732,0.67
4.77416442409701,51.6128663711428,0.67
4.77855578113691,51.6083949098572,0.67
4.78218860805526,51.6066159913879,0.67
4.78438966833096,51.6039307274023,0.67
4.77126485778906,51.6137500201409,0.72
4.77124644862077,51.6151053366667,0.72
4.77143571552446,51.6011666208179,0.72
4.77576563844832,51.6011893336007,0.72
4.77149670962393,51.5966725461927,0.72
4.76859812820675,51.5975561319214,0.72
4.76568096413857,51.5997878667843,0.72
4.78304203793999,51.5967327495894,0.72
4.78727646459086,51.6039455676042,0.72
4.78434188615191,51.6075259919361,0.72
4.78431799178237,51.6093236237669,0.72
4.78791504023958,51.6102409484507,0.72
4.78873172190413,51.6030541440954,0.72
4.77291553494857,51.598477764409,0.76
4.77434661516951,51.5993841500665,0.76
4.77437089786594,51.5975865193605,0.76
4.77723311772247,51.5993992377054,0.76
4.77868842566379,51.5985079389067,0.76
4.78724080041518,51.6066420172648,0.76
4.78870800462796,51.6048517778021,0.76
4.76783972172114,51.6002487500083,0.74
4.76836517868329,51.6146335970054,0.74
4.77144791546062,51.6002678060366,0.74
4.77148451192023,51.5975713612612,0.74
4.77293987372409,51.5966801339511,0.74
4.77577775258572,51.6002905182321,0.74
4.77867636982896,51.5994067548083,0.74
4.78015570254946,51.5967178055985,0.74
4.78648334627644,51.6093347555816,0.74
4.78589263860916,51.5994440731558,0.66
4.78732400921028,51.6003503003783,0.66
4.77862814097335,51.6030020176957,0.66
4.76277588478373,51.60112071433,0.66
4.76996795024792,51.6029566432194,0.66
4.78446132520391,51.5985378284341,0.66
4.76248345282385,51.5961705237083,0.66
4.75990170785995,51.600206438534,0.66
4.75913029549401,51.6037978294808,0.66
4.76994348925961,51.6047542718833,0.66
4.76848780894189,51.6056454607573,0.66
4.77278771989865,51.6079153196437,0.66
4.76831611086295,51.6182288494467,0.66
4.77121602118323,51.617345274454,0.66
4.7713136854551,51.6101547646502,0.66
4.77273292312086,51.6119599836372,0.66
4.7785437192325,51.609293724963,0.66
4.77784009377179,51.6079384792414,0.66
4.78002338477198,51.6066047802704,0.66
4.78150287433197,51.6039157980047,0.66
4.76930132370622,51.5989109599663,0.75
4.77870650844899,51.5971597149776,0.75
4.77292770461471,51.5975789492159,0.75
4.78577943942161,51.6079828298508,0.75
4.78864870194041,51.6093458607996,0.75
4.78725268901773,51.6057432007837,0.75
4.76825476345248,51.622722913329,0.6
4.77264766135954,51.6182516803169,0.6
4.77564446658241,51.6101774833073,0.6
4.76821181197799,51.6258687569953,0.56
4.75774926896291,51.5992960068172,0.68
4.76352846777442,51.5988746802123,0.68
4.76566249278036,51.6011360877402,0.68
4.76832837866026,51.6173300364473,0.68
4.7727207445416,51.6128587976696,0.68
4.76847554844122,51.6065442747107,0.68
4.77208424349747,51.6065632984289,0.68
4.76853684541114,51.6020501862755,0.68
4.77212694723027,51.6034141533324,0.68
4.76609068447529,51.5961992715549,0.68
4.76862263743055,51.5957585025004,0.68
4.76139457662062,51.5966189332136,0.68
4.75996384290962,51.5957123894244,0.68
4.78447326610372,51.597639011688,0.68
4.78734183626555,51.5990020749289,0.68
4.77607234310052,51.6052274452908,0.68
4.78730023798828,51.6021479341354,0.68
4.78584498176279,51.6030393399033,0.68
4.78220654778074,51.605271008793,0.68
4.78001135258036,51.6075035957159,0.68
4.77998728654524,51.6093012263883,0.68
4.77412797087239,51.6155628133863,0.68
4.76981503240381,51.614191817652,0.73
4.76835291257039,51.6155324102266,0.73
4.77000463753352,51.6002601996817,0.73
4.77361283342599,51.6002791754281,0.73
4.77004131978381,51.5975637554963,0.73
4.76714265314197,51.5984473049419,0.73
4.78013766320424,51.5980660299876,0.73
4.77722103273766,51.6002980533409,0.73
4.78432993924051,51.608424807888,0.73
4.78579731619323,51.6066346054956,0.73
4.78159886997029,51.5967252864989,0.73
4.78726457707628,51.6048443842301,0.73
4.78871986353736,51.6039529609849,0.73
4.78487893189669,51.5670792004599,0.65
4.77766780923213,51.5670418278534,0.65
4.79068326102896,51.5644123181899,0.65
4.79658041538441,51.5545545752958,0.61
4.79372024062051,51.5527423270364,0.61
4.77903178530581,51.572891656051,0.71
4.77761954550724,51.570637100052,0.71
4.77911003266714,51.5670493379638,0.64
4.78343670626849,51.5670717615277,0.64
4.79659210130256,51.5536557536515,0.64
4.79516201338591,51.5527496383824,0.64
4.79069506701019,51.5635134980372,0.62
4.79515029947091,51.5536484599044,0.62
4.78127336887915,51.5670605630275,0.63
4.77758937626383,51.572884144679,0.69
4.77618325620409,51.5701801625584,0.69
4.78123738605809,51.5697570187313,0.69
4.77908595901198,51.5688469745875,0.69
4.78485508665831,51.5688768386272,0.69
4.77760747819683,51.5715359179311,0.7
4.77835276677186,51.5697420329375,0.7
4.79370849817462,51.5536411483694,0.58
4.77506484684022,51.5728756181732,0.67
4.79064783984686,51.5671087782425,0.67
4.78632115806994,51.5670866215975,0.67
4.79067145450801,51.565311138275,0.67
4.78047419489828,51.5728991496256,0.72
4.78193457846131,51.5715583977835,0.72
4.78198250181161,51.5679631056104,0.66
4.77622558634869,51.5670342999485,0.66
4.79660378668664,51.5527569319411,0.66
4.79070687245175,51.5626146778172,0.6
4.77615301612376,51.5724272066694,0.68
4.78197052181431,51.5688619242746,0.68
4.77765574420349,51.5679406280812,0.68
4.78486700955004,51.5679780195775,0.68
4.71239431799961,51.5918520799391,0.59
4.71095132140604,51.5918437452657,0.61
4.70662233530698,51.5918186344053,0.61
4.70878682769662,51.5918312031205,0.62
4.70880026552659,51.5909323966027,0.58
4.70517934117222,51.5918102285051,0.6
4.72105231043771,51.5919016960929,0.56
4.76166718617535,51.5768450142908,0.65
4.76428374406345,51.5701259668754,0.65
4.75884432910727,51.5723354696178,0.65
4.75737700514111,51.574125339065,0.65
4.7617662489408,51.5696544899581,0.61
4.75733959529409,51.5768217833726,0.71
4.7544544764077,51.5768105941477,0.71
4.75703542729585,51.572770335683,0.64
4.75525087341316,51.5714172136761,0.62
4.76322707936739,51.5683139723642,0.62
4.76320855189358,51.569662196405,0.63
4.76103270256414,51.5705494390039,0.63
4.75592206373368,51.5750163750672,0.69
4.76171672208754,51.5732497526742,0.69
4.76028671659493,51.5723432122565,0.69
4.7631714932713,51.5723586441425,0.69
4.76313442956545,51.5750550912625,0.69
4.7587759038975,51.577278952295,0.69
4.7573520658133,51.5759229686724,0.69
4.76172910465004,51.572350937098,0.7
4.76387422401033,51.5737073636072,0.7
4.75732712420463,51.5777205980037,0.7
4.75447959227656,51.5750085784327,0.7
4.76174148672354,51.5714521035251,0.67
4.7602743054737,51.573242027633,0.67
4.75593456167373,51.57411756043,0.67
4.76169195526396,51.5750473836204,0.67
4.76312207386698,51.5759539068314,0.67
4.75736453576229,51.5750241539032,0.67
4.75879456697466,51.5759307299106,0.67
4.75589706613911,51.5768140041345,0.72
4.7598829719702,51.5754823197846,0.66
4.76310971760351,51.5768527223313,0.66
4.75522585183221,51.5732148430926,0.66
4.7617848192446,51.5683062662162,0.6
4.76170433895886,51.5741485681817,0.68
4.75449211877779,51.5741097639971,0.68
4.70801825049075,51.5949723220595,0.65
4.70902028576441,51.6003666769504,0.65
4.71226062068384,51.600840146575,0.65
4.7093471950664,51.602621066705,0.65
4.71220712462816,51.6044353712084,0.65
4.71077713124483,51.6035282276836,0.65
4.71444553985652,51.5995044017697,0.65
4.71943735028918,51.6035779853452,0.65
4.72953445100273,51.6040846298395,0.65
4.74254403454049,51.6028166542792,0.65
4.74546264222341,51.6005775721602,0.65
4.73976006909808,51.5956022989824,0.65
4.73824623828996,51.6005377587383,0.65
4.7368222879987,51.5991815275766,0.65
4.71946381230412,51.6017803708864,0.65
4.7165904718906,51.600865050193,0.65
4.72092032856865,51.6008897935086,0.65
4.72097312852903,51.5972945625823,0.65
4.71954318382196,51.5963875257741,0.65
4.74688689485304,51.6019336983313,0.65
4.74684883126068,51.6046301318056,0.65
4.7035738448245,51.6025874682947,0.59
4.73099734536259,51.6027445224943,0.59
4.73392287458827,51.600064252119,0.59
4.72246897684836,51.593707540956,0.59
4.71959608606462,51.5927922942618,0.59
4.71382397681134,51.5927592040071,0.59
4.70505772973351,51.5998994790614,0.59
4.70360093482548,51.6007898584335,0.59
4.70366864898401,51.5962958325146,0.59
4.71958286149396,51.5936910843012,0.61
4.70504421426027,51.6007982843186,0.61
4.70500366413005,51.6034946996551,0.61
4.70370250033042,51.5940488189441,0.61
4.73534030772023,51.6018699231362,0.61
4.73395523084681,51.5978172280704,0.61
4.73536613813592,51.6000723037563,0.61
4.71381063780789,51.593658011137,0.61
4.71238095102016,51.5927508869254,0.61
4.73832980094163,51.5946954912402,0.61
4.7397857197022,51.5938046773529,0.61
4.74830490292723,51.603739212873,0.61
4.73674496480893,51.6045743865278,0.61
4.74298763097534,51.5969734034641,0.71
4.72666730445349,51.602720151959,0.71
4.74845677584275,51.5929534717715,0.71
4.72376746800228,51.6036026237036,0.78
4.74696300636561,51.5965408294334,0.78
4.70719566141018,51.6017096885113,0.64
4.7165638283665,51.6026672850502,0.64
4.71945058159934,51.6026791781521,0.64
4.70933376354295,51.6035198723955,0.64
4.71076372770988,51.6044270335174,0.64
4.73386462401649,51.6041088944444,0.64
4.72240313042327,51.598201581934,0.64
4.73539842290368,51.5978252791871,0.64
4.73686094163442,51.5964850971271,0.64
4.72063247213844,51.5959391190798,0.64
4.717405008311,51.5945775273169,0.64
4.70797114796981,51.5981186653636,0.64
4.70655492252109,51.5963126642974,0.64
4.71020300303986,51.593637177758,0.64
4.7051455653143,51.5940572431953,0.64
4.7383169467554,51.5955943018125,0.64
4.74121598903207,51.5947114673582,0.64
4.74762756627466,51.6005894226609,0.64
4.74687420756946,51.6028325095618,0.64
4.73894861219811,51.6018899685956,0.64
4.74110079491162,51.6028007636402,0.64
4.74251859927155,51.6046063478532,0.64
4.74844412295073,51.5938522839242,0.79
4.70511178544346,51.5963042573105,0.62
4.70502393996594,51.6021464921324,0.62
4.70932033140491,51.6044186780132,0.62
4.70716871317461,51.6035072993146,0.62
4.72955399779623,51.602736416795,0.62
4.7224426400857,51.5955051575624,0.62
4.73098434287006,51.6036433313772,0.62
4.73388404227877,51.6027606804557,0.62
4.72101272215893,51.5945981386322,0.62
4.71236758342924,51.5936496938402,0.62
4.74831756218851,51.6028404015107,0.62
4.73892292242799,51.6036875887227,0.62
4.73679651596064,51.6009791475163,0.62
4.74843146947989,51.5947510960056,0.86
4.70648749431344,51.6008066923924,0.63
4.70646051871113,51.6026043031242,0.63
4.71800723883944,51.6026709299537,0.63
4.73097133978257,51.6045421401875,0.63
4.73530155766442,51.6045663516629,0.63
4.73749241690439,51.6027807441104,0.63
4.73242771963373,51.6036514194733,0.63
4.73537905245744,51.5991734939582,0.63
4.73680940227445,51.6000803375825,0.63
4.73687382500079,51.5955862868337,0.63
4.73977289469349,51.5947034882034,0.63
4.71956963615333,51.5945899101611,0.63
4.73541779187713,51.5964770641317,0.63
4.72242947080072,51.5964039657581,0.63
4.71451883993824,51.5945609635256,0.63
4.70654143811347,51.5972114700606,0.63
4.7051252978254,51.5954054516927,0.63
4.70588734257755,51.592713232946,0.63
4.71093792584047,51.5927425520365,0.63
4.74122878545123,51.5938126563014,0.63
4.74829224308668,51.6046380241627,0.63
4.74686151970536,51.60373132072,0.63
4.74108799263663,51.6036995739775,0.63
4.74734248733356,51.5951995048645,0.81
4.74119039443749,51.5965090892572,0.69
4.73973441614694,51.5973999203256,0.69
4.74332961181178,51.5983186138494,0.69
4.74264631554238,51.5956182398957,0.69
4.70221194295907,51.5971861950196,0.55
4.74701373576839,51.592945582067,0.7
4.74555798620529,51.5938364862991,0.7
4.74410217946413,51.5947273722425,0.7
4.74117759626199,51.5974079000993,0.7
4.72664767185247,51.6040683643729,0.7
4.74693763818286,51.5983384526871,0.7
4.71526700321268,51.5927675032816,0.58
4.71815305784063,51.592784048409,0.58
4.7022662199744,51.5935909741497,0.58
4.70213050881019,51.6025790241617,0.58
4.72248214432613,51.5928087325456,0.58
4.7180867855734,51.5972780865541,0.67
4.71085753957719,51.5981353911574,0.67
4.71663033013784,51.5981686290257,0.67
4.71950350086906,51.599083930706,0.67
4.72809759112891,51.6036271017464,0.67
4.73827838066819,51.5982907330992,0.67
4.7412031920275,51.5956102783435,0.67
4.74186722438253,51.5996589037216,0.67
4.74411491870408,51.5938285607745,0.67
4.746924953221,51.5992372642062,0.67
4.74562778663881,51.5888999275439,0.67
4.74557069627414,51.5929376745549,0.67
4.74414039543577,51.5920309376246,0.67
4.74839350559398,51.5974475318207,0.72
4.73249258314875,51.5991573732892,0.57
4.70361447889641,51.5998910533942,0.57
4.70365510739144,51.5971946378426,0.57
4.74552620855995,51.5960835154078,0.76
4.72375432189693,51.6045014314612,0.76
4.74840616080155,51.5965487199539,0.76
4.72522395867974,51.6027119928223,0.74
4.74695032256438,51.5974396410961,0.74
4.71155236616513,51.5999371674063,0.66
4.71942411837359,51.6044767924657,0.66
4.71875539957909,51.6008774351402,0.66
4.71661040177184,51.5995168397534,0.66
4.74468371464067,51.6046182531224,0.66
4.74184804532398,51.6010070927697,0.66
4.74848840561101,51.5907064411387,0.66
4.74838084980743,51.5983463436157,0.66
4.74412765736128,51.5929297492352,0.66
4.74265908395605,51.5947194287046,0.66
4.72093352946464,51.5999909858853,0.66
4.73684161555132,51.5978333124939,0.66
4.72095992944479,51.598193370422,0.66
4.71952995674865,51.597286333473,0.66
4.73830409198111,51.5964931123131,0.66
4.745545275555,51.594735297972,0.75
4.74700105428794,51.5938443940156,0.75
4.70463541244738,51.6039515110786,0.6
4.73393581750702,51.599165442529,0.6
4.73397464271056,51.5964690133271,0.6
4.72245580876823,51.594606349295,0.6
4.73244069352387,51.6027526103812,0.6
4.70358739013485,51.6016886634004,0.6
4.7036821899571,51.5953970271147,0.6
4.70509827244335,51.5972030628563,0.6
4.71597522055088,51.5936704469454,0.6
4.70372280915986,51.5927006104847,0.6
4.72103911489356,51.5928005223073,0.6
4.73834265453984,51.5937966805965,0.6
4.73891007666131,51.6045863986775,0.6
4.70227978767646,51.592692168753,0.56
4.70215765601038,51.6007814147372,0.56
4.73247961163281,51.6000561826706,0.56
4.73829123661872,51.597391922742,0.68
4.72811065082609,51.6027282932832,0.68
4.72808453083415,51.604525910137,0.68
4.71807352930077,51.5981768939678,0.68
4.74476009400826,51.5992253873658,0.68
4.73972158879115,51.5982987308895,0.68
4.7397472429159,51.5965011096898,0.68
4.74408306958229,51.5960755893711,0.73
4.72520428317504,51.6040602049199,0.73
4.74550714011508,51.5974317325617,0.73
4.77467424428153,51.5751160937231,0.65
4.77753506274636,51.5769288237653,0.71
4.77608042598755,51.577820110923,0.7
4.77754713336781,51.5760300062983,0.7
4.77606832569513,51.5787189280571,0.72
4.77752299157293,51.5778276411632,0.72
4.7790016838815,51.5751387006199,0.72
4.77610462491248,51.5760224764474,0.66
4.775407596195,51.5742210635518,0.66
4.77609252572665,51.5769212937197,0.68
4.7775652383323,51.5746817800261,0.68
4.77751091984749,51.5787264584919,0.73
4.74978617696994,51.6010506522982,0.65
4.75262248203524,51.6046615943524,0.65
4.75407844159421,51.6037706033537,0.65
4.75553434394589,51.6028795940654,0.65
4.75414116010281,51.5992765417614,0.65
4.75271048815005,51.5983699095395,0.65
4.7570151615232,51.6001909409734,0.65
4.76863489120153,51.5948596876827,0.65
4.76141937064483,51.5948213056345,0.65
4.75047633531311,51.6032981771692,0.59
4.75122947554425,51.6010585082156,0.59
4.75130506885274,51.5956656352217,0.77
4.75264762951575,51.6028639704815,0.61
4.75119167110744,51.6037549437396,0.61
4.75129247140895,51.5965644475668,0.71
4.74986194185266,51.5956577805231,0.78
4.75557188924977,51.6001831565044,0.64
4.75126727479234,51.598362072042,0.64
4.75131766572025,51.5947668228052,0.83
4.74987456731129,51.5947589683096,0.84
4.75053305488812,51.5992569518969,0.62
4.7628624736272,51.5948290176614,0.62
4.75268534642191,51.6001675341326,0.62
4.75410980271181,51.6015235728431,0.62
4.74973565549198,51.6046458987062,0.62
4.7497735474673,51.6019494640088,0.63
4.74979880589475,51.6001518405155,0.63
4.75269791757355,51.599268721872,0.63
4.74982406201102,51.598354216734,0.63
4.7541286175489,51.6001753542242,0.63
4.76430557717536,51.5948367118798,0.63
4.75555937472109,51.6010819690969,0.63
4.75117906847527,51.6046537554361,0.63
4.75409098644383,51.6028717911798,0.63
4.75263505606316,51.6037627824532,0.63
4.75696521437709,51.6037861917152,0.69
4.75276076470546,51.5947746594922,0.8
4.75525521248949,51.5970305076215,0.7
4.75415370208288,51.5983777292267,0.67
4.77007799699979,51.5948673106663,0.67
4.75563445330552,51.5956890924637,0.72
4.75121687464189,51.6019573201292,0.57
4.75420386426562,51.5947824783707,0.76
4.75997626822955,51.5948135757989,0.66
4.75558440320589,51.59928434384,0.66
4.75697770202063,51.6028873791382,0.66
4.75274819642912,51.5956734721114,0.75
4.75124207587008,51.6001596962297,0.6
4.7526664886859,51.6015157524483,0.6
4.75559691658949,51.5983855311035,0.68
4.75552182769929,51.6037784064411,0.68
4.75200146584468,51.5974671471207,0.68
4.75853316638269,51.5948058281547,0.68
4.74984931581643,51.5965565926651,0.73
4.75419132458048,51.595681291192,0.73
4.8016872748637,51.6058163367639,0.65
4.80596583180149,51.6098826148474,0.52
4.80163505939411,51.6098610189237,0.61
4.80167567234085,51.6067151551363,0.64
4.80165246570226,51.6085127916633,0.62
4.80313073638992,51.6058235523821,0.62
4.80598310935405,51.6085343867496,0.5
4.80166406928705,51.6076139734361,0.63
4.80599462710637,51.607635567964,0.49
4.80456265313927,51.6067295689309,0.55
4.80451646662968,51.6103248431849,0.55
4.80453956094128,51.6085272062035,0.53
4.80310758803092,51.6076211894276,0.58
4.80307864966724,51.6098682353815,0.58
4.80457419844575,51.6058307501858,0.57
4.80309601305692,51.6085200078414,0.57
4.8045280140497,51.6094260247306,0.54
4.80455110730446,51.6076283876035,0.54
4.80311916247524,51.6067223709411,0.6
4.80600614433163,51.6067367491057,0.51
4.79152403982245,51.6102594131689,0.71
4.79297941698399,51.6093679374859,0.71
4.79009227308051,51.6093532375113,0.76
4.79153584476214,51.6093605964067,0.73
4.80020891887863,51.6085055576693,0.65
4.79155945302089,51.6075629626637,0.77
4.79012185465934,51.6071061958198,0.82
4.79443473692051,51.6084764435344,0.71
4.80019146965206,51.6098537846492,0.64
4.79010410609178,51.6084544208665,0.8
4.79732177319693,51.6084951600449,0.67
4.79445235674167,51.607128217633,0.72
4.79154764916161,51.6084617795716,0.76
4.79300296802037,51.6075703033631,0.74
4.80022055107417,51.6076067396292,0.66
4.7987595420491,51.6089477148148,0.66
4.79587828160696,51.6084837487919,0.68
4.79299119277162,51.6084691204609,0.73
4.76611768918522,51.5678842379475,0.65
4.76900224383946,51.567895210484,0.65
4.77188674171196,51.5679104268375,0.65
4.77114122822199,51.5697042570248,0.65
4.77478336401811,51.5670267542491,0.65
4.76467550122971,51.5678722524921,0.64
4.76677746732162,51.5723778271518,0.69
4.77038344482407,51.5723969124073,0.69
4.76894105339167,51.5723892943487,0.7
4.77183801898397,51.5715056777125,0.67
4.76896553124938,51.5705916610078,0.67
4.77477124181173,51.5679255720112,0.67
4.76753546421147,51.5696851910446,0.66
4.77331076437366,51.569266234602,0.66
4.77326215245396,51.5728615037777,0.66
4.76895329260031,51.5714904777124,0.68
4.76461388245739,51.5723663333898,0.68
4.77182583681479,51.5724045126687,0.68
4.77474093393849,51.5701726161765,0.68
4.80495775185773,51.5478434011342,0.65
4.80241716496917,51.5491906378047,0.65
4.80096390598053,51.5500822386783,0.65
4.79517958331989,51.5514014060314,0.65
4.79812714357915,51.5464724525812,0.65
4.79597647794805,51.5455627053557,0.65
4.79674980900616,51.541521655081,0.59
4.79816209975902,51.5437759851154,0.59
4.80674215208926,51.5492121960795,0.59
4.79958034233797,51.5455808866416,0.61
4.79381416087202,51.545551754004,0.61
4.79601156086135,51.5428662385416,0.61
4.79815044823147,51.5446748076691,0.61
4.79804556052139,51.5527642077125,0.64
4.79949896267958,51.5518726435445,0.64
4.79956871826616,51.5464797092526,0.64
4.79813879617153,51.5455736301577,0.64
4.8075088557393,51.5456204726879,0.62
4.80317265733179,51.5464977663938,0.62
4.80675363513175,51.5483133727339,0.62
4.79948733488886,51.5527714656964,0.62
4.79375546473856,51.5500458626415,0.62
4.79599986709124,51.5437650608779,0.62
4.80533502231281,51.5465085580962,0.63
4.80531200075655,51.5483062046131,0.63
4.8038588268156,51.5491978416819,0.63
4.80240559582415,51.5500894605276,0.63
4.80095230777965,51.550981061149,0.63
4.79803390366827,51.5536630296109,0.63
4.79379655350541,51.5468999868227,0.63
4.79598817278682,51.5446638831493,0.63
4.80101029348433,51.5464869481398,0.63
4.80752032242338,51.544721648989,0.58
4.79946407771315,51.5545691098022,0.58
4.79604663896615,51.540169771144,0.58
4.79959196587865,51.5446820639655,0.58
4.79880723309795,51.5496188088093,0.67
4.80238245594798,51.5518871057765,0.57
4.80383574504994,51.5509954874344,0.57
4.79818540121707,51.5419783398135,0.57
4.80968260420653,51.5447323601086,0.57
4.7980572168418,51.551865385748,0.66
4.79522057493177,51.5482555297844,0.66
4.79883629201959,51.54737489886,0.66
4.79951058993892,51.5509738213266,0.66
4.79802224628239,51.5545618514432,0.6
4.80094070904874,51.551879883554,0.6
4.79947570656673,51.5536702877824,0.6
4.80239402615043,51.550988283185,0.6
4.8053004891894,51.5492050277735,0.6
4.80534653230199,51.5456097347399,0.6
4.79530839223215,51.5415143638777,0.6
4.79382589848954,51.5446529320806,0.6
4.79960358888823,51.5437832412244,0.56
4.74422954564453,51.5857392543656,0.65
4.74419770963174,51.5879862845591,0.65
4.7456596504789,51.5866459903571,0.65
4.74855797814571,51.585762971996,0.71
4.74421681164793,51.5866380664717,0.64
4.74568506073521,51.5848483656649,0.69
4.74853268104162,51.587560597364,0.69
4.74784923436877,51.5848602107542,0.7
4.74854532988293,51.5866617847152,0.7
4.74424227905873,51.5848404421891,0.67
4.7456723558976,51.5857471780462,0.66
4.74564059133185,51.5879942087517,0.66
4.74710882845433,51.5862044902496,0.68
4.74852003162176,51.5884594099422,0.68
4.8025364410049,51.5959329321782,0.65
4.81516935661279,51.5955502561531,0.65
4.81912141173855,51.5969135386445,0.61
4.79320306483629,51.5922904016649,0.71
4.79897518556035,51.5923195555491,0.71
4.79828283931948,51.5900683842537,0.71
4.8018728430493,51.591435233027,0.71
4.79468130348902,51.5896012653812,0.71
4.81914391833794,51.595115895831,0.64
4.81768951262352,51.5960076996125,0.64
4.81623504972211,51.5968994851498,0.64
4.81118392120713,51.5968747133714,0.64
4.81767823047225,51.5969065208022,0.62
4.81913266529566,51.5960147172733,0.63
4.7931795321112,51.594088038232,0.69
4.8075989402277,51.5950592573396,0.69
4.79463435669003,51.5931965398389,0.69
4.80189602952334,51.5896375937781,0.69
4.79397158129778,51.5886987826212,0.69
4.79902178711778,51.5887242964821,0.69
4.79108575233726,51.5886841091919,0.7
4.79536760910347,51.5923013677448,0.7
4.79319129874288,51.593189219984,0.7
4.79673461472029,51.5981509816739,0.7
4.80045308325071,51.5896303637112,0.7
4.80188443655148,51.5905364134379,0.7
4.796857412408,51.5887133848275,0.7
4.79605394190913,51.5950056103635,0.67
4.80182646373683,51.5950305106755,0.67
4.80614431000873,51.5959508992458,0.67
4.80039497015194,51.5941244603682,0.67
4.80904206066682,51.5950663994829,0.67
4.79386581510341,51.5967881483397,0.67
4.7989169214578,51.5968136681383,0.67
4.79539110813752,51.5904995727271,0.72
4.7917600360157,51.5922830641916,0.72
4.79251688831588,51.5895902733162,0.72
4.79105627608806,51.5909279778763,0.74
4.7989402287416,51.5950160125547,0.66
4.81625767069547,51.595101843063,0.66
4.80903060747528,51.5959652196454,0.66
4.79388932246548,51.5949905120103,0.68
4.8007621588674,51.5936688021247,0.68
4.79675216080423,51.5968027539443,0.68
4.79170105721112,51.5967771541274,0.68
4.80326958206709,51.5950377240551,0.68
4.79322659540849,51.5904927648144,0.73
4.79177183015788,51.5913842459915,0.73
4.79031700773463,51.5922757089108,0.73
4.79035247429965,51.5895792546686,0.73
4.82201897218311,51.5960286991661,0.64
4.77446800643692,51.590395993681,0.78
4.77592307901399,51.5895047282289,0.78
4.77449227802748,51.5885983615516,0.83
4.77593518594909,51.5886059119337,0.81
4.77448014250975,51.5894971776516,0.8
4.77589886348235,51.5913023606074,0.72
4.77445586980894,51.5912948096396,0.76
4.77444373262579,51.5921936255275,0.75
4.77591097152509,51.5904035444535,0.75
4.77588675488574,51.5922011766904,0.73
4.80245535316056,51.6022246654712,0.65
4.80320016875755,51.6004306395108,0.61
4.8060637225533,51.6022426537285,0.61
4.80898478946895,51.5995604995823,0.61
4.79306183618225,51.6030762167857,0.71
4.81186561869258,51.6000241424325,0.64
4.80174527951496,51.6013222438174,0.64
4.8046319170544,51.6013366553758,0.62
4.80897333365714,51.6004593193877,0.62
4.80176847766006,51.5995246061348,0.62
4.81045090626515,51.5977699846436,0.62
4.80175687885286,51.600423425012,0.63
4.80318859801996,51.6013294585028,0.63
4.80462037438905,51.602235474482,0.63
4.81042805340832,51.5995676248377,0.63
4.79164206491375,51.601271242278,0.69
4.79451108052673,51.6026341299277,0.69
4.79525035296557,51.6012895237199,0.7
4.80321173896574,51.599531820447,0.57
4.80031358947887,51.6004161927014,0.66
4.80608675022544,51.6004449971365,0.6
4.79886447249931,51.6008583518598,0.68
4.79346354318807,51.5999366790204,0.68
4.81753156597759,51.6085871725275,0.65
4.81902010655166,51.6050029277649,0.65
4.82190698544117,51.6050169132737,0.65
4.82333925277008,51.605922700502,0.65
4.8291131331562,51.6059503872068,0.52
4.81466142985206,51.6072288660832,0.59
4.82612612801704,51.6140259702048,0.59
4.8304683475632,51.6131478384475,0.59
4.82764748664908,51.6077411355018,0.59
4.8233615980295,51.604125058039,0.61
4.81613322972284,51.6049888709991,0.61
4.81463306424815,51.609475915708,0.61
4.83047938145012,51.6122490169398,0.61
4.82762530897114,51.6095387784607,0.61
4.8261928418821,51.6086330437124,0.61
4.81750893624336,51.6103888300337,0.64
4.8225280023768,51.6131097791088,0.64
4.82327220471995,51.6113156261514,0.64
4.82689241262924,51.6104341384849,0.64
4.82476043201711,51.6077272914334,0.64
4.81609362179431,51.6081347417524,0.64
4.81757666787901,51.6049959082891,0.64
4.83049041483206,51.611350195359,0.62
4.8161219138011,51.6058876912892,0.62
4.82478272210296,51.6059296489004,0.62
4.81903136474377,51.6041041070391,0.62
4.81606532642428,51.6103817916516,0.63
4.82685909796146,51.6131305750408,0.63
4.82905783328689,51.6104444956768,0.63
4.82618172417671,51.6095318649768,0.63
4.81611059736153,51.6067865115069,0.63
4.82335042565542,51.6050238793066,0.63
4.82119648083561,51.6041145958383,0.63
4.82766966229733,51.6059434922527,0.55
4.81320085929813,51.6085700222405,0.55
4.83190104256785,51.6140535208032,0.55
4.82910207419457,51.6068492090458,0.53
4.81904262242074,51.6032052862411,0.58
4.81467844755554,51.6058806360025,0.58
4.82622619194581,51.6059365794839,0.58
4.82042424449923,51.6081552982862,0.67
4.82331690546553,51.6077203426756,0.67
4.81468979208447,51.6049818158949,0.57
4.82178374082342,51.6149039404442,0.57
4.83045731317127,51.6140466598821,0.57
4.81317810834144,51.6103676614366,0.57
4.8276585747269,51.6068423139135,0.57
4.83051248008115,51.6095525519787,0.57
4.81898069888488,51.6081487997903,0.66
4.8218397687955,51.6104098382777,0.66
4.82046354573948,51.6050099294264,0.66
4.82332807937346,51.606821521625,0.66
4.82330014370721,51.6090685741698,0.66
4.82760312926322,51.6113364211286,0.66
4.8276807493604,51.6050446705197,0.54
4.82120769560557,51.6032157747691,0.6
4.81758795467706,51.6040970877448,0.6
4.81464441085383,51.6085770958906,0.6
4.81462171712321,51.6103747354526,0.6
4.82620951754831,51.6072848117338,0.6
4.83050144770906,51.6104513737053,0.6
4.82906889427305,51.609545674128,0.6
4.82049723295643,51.6023134664894,0.56
4.82623730761634,51.6050377579296,0.56
4.83191204834044,51.6131546991913,0.56
4.83020155826226,51.605501973915,0.51
4.82187898081085,51.6072639657305,0.68
4.79015143272231,51.60485915356,0.77
4.79158305911905,51.6057653286297,0.77
4.79157125634003,51.606664145683,0.78
4.79013960187679,51.6057579704955,0.8
4.791594861358,51.6048665115039,0.76
4.79088496300184,51.6039640109121,0.75
4.79089677846273,51.6030651937369,0.73
4.76458306785695,51.5746133732549,0.71
4.77032238319367,51.5768909955422,0.71
4.77181365416448,51.5733033296297,0.69
4.77177101056923,51.5764491885097,0.69
4.76456457729614,51.5759615968737,0.69
4.76742504414059,51.577774555682,0.69
4.76886760638649,51.5777821927221,0.7
4.76599478215362,51.5768680850141,0.7
4.77180147095713,51.574202146522,0.7
4.76455224959671,51.5768604125724,0.67
4.76598248245584,51.5777669008419,0.67
4.77392872126343,51.5769099585377,0.67
4.76676518471499,51.573276643423,0.72
4.77037123361477,51.5732957291718,0.72
4.7703345966366,51.575992179053,0.72
4.76600708128899,51.5759692691171,0.72
4.76815858207193,51.5768795535625,0.72
4.77317098106954,51.57960263046,0.72
4.76817696636187,51.5755313293541,0.74
4.77321960966284,51.5760073633484,0.66
4.76453992133355,51.5777592282019,0.66
4.77391657867588,51.5778087754479,0.68
4.76819534937212,51.5741830779476,0.73
4.7746136026821,51.5796101966914,0.73
4.79591343408105,51.6057872961457,0.65
4.803142309775,51.6049247337507,0.65
4.80458574322393,51.6049319313682,0.59
4.80460883119554,51.6031342935162,0.64
4.80459728747385,51.6040331124783,0.62
4.79446997522249,51.6057799914548,0.7
4.79953372860782,51.6049066281805,0.67
4.79593686638297,51.6039896606856,0.67
4.79302651690139,51.6057726689495,0.74
4.8031596689242,51.6035765057239,0.66
4.79735689347576,51.605794583022,0.66
4.79592515050007,51.6048884784518,0.66
4.79301474273028,51.6066714861926,0.75
4.79448759262495,51.6044317652268,0.68
4.79879452366746,51.6062512611481,0.68
4.79303829053372,51.6048738516339,0.73
