cbs_grid_code,livability_score
E1068N3982,2.42390746926712
E1071N4012,2.376780302275761
E1073N4018,2.533114964672104
E1074N4011,2.4058251103923376
E1074N4017,2.502466104974352
E1075N4005,2.343563705689067
E1075N4006,2.3490739553649136
E1075N4007,2.350150020055524
E1075N4008,2.375981743604336
E1075N4009,2.4049685558642717
E1075N4011,2.3870855728086267
E1075N4015,2.4789928772993264
E1075N4016,2.471945519280706
E1075N4017,2.479012253643922
E1075N4018,2.477409805075778
E1076N3965,2.368633157562154
E1076N4005,2.342718285464996
E1076N4006,2.3107740032808697
E1076N4007,2.295785117908055
E1076N4008,2.2834425770699163
E1076N4009,2.386950377407694
E1076N4010,2.377350475134648
E1076N4011,2.385565457833273
E1076N4014,2.4772758961610992
E1076N4015,2.478177119456645
E1076N4016,2.472944359220133
E1076N4017,2.47451467074737
E1076N4018,2.466546031144265
E1076N4019,2.422918817889992
E1076N4020,2.436072220133377
E1077N4005,2.324772321123424
E1077N4006,2.269479015025916
E1077N4007,2.2824326099479118
E1077N4008,2.28284472700105
E1077N4009,2.3326691422481165
E1077N4010,2.355579006515445
E1077N4011,2.377764804369344
E1077N4014,2.4952719104308265
E1077N4015,2.4896596219128564
E1077N4016,2.476359560629243
E1077N4017,2.4751687377885934
E1077N4018,2.437080440503153
E1077N4019,2.433235137601454
E1078N4005,2.334029699920269
E1078N4006,2.2845070221349784
E1078N4007,2.2941522205663416
E1078N4008,2.2997638948622297
E1078N4009,2.307890090025841
E1078N4010,2.31501313619427
E1078N4011,2.3337789759673595
E1078N4013,2.443314433692664
E1078N4014,2.48083419288936
E1078N4016,2.465040849004955
E1078N4017,2.4686637192089984
E1078N4018,2.4275458917378048
E1079N4004,2.4148705300407154
E1079N4005,2.357945984855701
E1079N4006,2.3182236739554023
E1079N4007,2.320166344402192
E1079N4008,2.3217110831545136
E1079N4009,2.2973506812398314
E1079N4010,2.3078128703552303
E1079N4011,2.303057287839376
E1079N4012,2.344283445973971
E1079N4013,2.4028105753791547
E1079N4014,2.4332924697372165
E1079N4015,2.436029884029147
E1079N4016,2.4275870927559198
E1079N4017,2.4165263049018666
E1079N4018,2.385271119562751
E1079N4019,2.382894376640249
E1080N4004,2.485643516158065
E1080N4005,2.470427341621551
E1080N4006,2.385688437103386
E1080N4007,2.348120413158485
E1080N4008,2.318262062277418
E1080N4009,2.310139039602105
E1080N4010,2.2866552520933485
E1080N4011,2.2751484095977013
E1080N4012,2.2840789252536644
E1080N4013,2.325039028454128
E1080N4014,2.3612565747360383
E1080N4015,2.362995691010788
E1080N4016,2.3681049911311955
E1080N4017,2.3744984015529806
E1080N4018,2.341776808619768
E1080N4019,2.3523891847879
E1080N4024,2.2961319133686047
E1081N3993,2.484426726188232
E1081N3995,2.4653013413190923
E1081N4004,2.477767277585289
E1081N4005,2.463006388706261
E1081N4006,2.443184109409868
E1081N4007,2.396618720147506
E1081N4008,2.365003521426482
E1081N4009,2.302727440171414
E1081N4010,2.281086955859329
E1081N4011,2.226511797936245
E1081N4012,2.2171715972902417
E1081N4013,2.2569252630992067
E1081N4014,2.2789657466100577
E1081N4015,2.306019993262918
E1081N4016,2.3135781073856645
E1081N4017,2.3258711444242306
E1081N4018,2.330221884493485
E1081N4019,2.333086702501864
E1081N4020,2.3166170459800552
E1081N4021,2.2893696399711785
E1081N4023,2.3162082139996807
E1081N4024,2.323472287358621
E1082N3991,2.600528139939557
E1082N4005,2.460576109976357
E1082N4006,2.4352738474149724
E1082N4007,2.4065470312162747
E1082N4008,2.335170007661774
E1082N4009,2.286322617807492
E1082N4010,2.2401283360432664
E1082N4011,2.2211066243662354
E1082N4012,2.2137440867549847
E1082N4013,2.22685472090256
E1082N4014,2.225267983532333
E1082N4015,2.243366000791561
E1082N4016,2.262022946116528
E1082N4017,2.284604038276271
E1082N4018,2.3088385335463766
E1082N4019,2.309357392594784
E1082N4020,2.2963686680729003
E1082N4021,2.2745515455513914
E1082N4022,2.2555945104200217
E1082N4023,2.281954808364787
E1082N4024,2.32195327993386
E1083N4004,2.4305108272435687
E1083N4005,2.4488600472507605
E1083N4006,2.443714913216673
E1083N4007,2.3534605867544176
E1083N4008,2.26662584617175
E1083N4009,2.238193989690438
E1083N4010,2.206419090791406
E1083N4011,2.208551019256119
E1083N4012,2.217936023782696
E1083N4013,2.21541022304225
E1083N4014,2.23827759847526
E1083N4015,2.2295605642948506
E1083N4016,2.2397906255965743
E1083N4017,2.264562078682163
E1083N4018,2.291277384461284
E1083N4019,2.3020917550233078
E1083N4020,2.2755282848045733
E1083N4021,2.25900299644268
E1083N4022,2.25869400914746
E1083N4023,2.276330388400872
E1083N4024,2.317182098880637
E1084N4007,2.304515891491036
E1084N4008,2.2379000643662845
E1084N4009,2.210167356432493
E1084N4010,2.200660186177517
E1084N4011,2.2104957436242585
E1084N4012,2.205546890337589
E1084N4013,2.2100373371452338
E1084N4014,2.224894041766082
E1084N4015,2.217844293808266
E1084N4016,2.2458847406516456
E1084N4017,2.2887880782238814
E1084N4018,2.29783335541762
E1084N4019,2.3322283736190204
E1084N4020,2.261232292752457
E1084N4021,2.248556617700206
E1084N4022,2.24416454609962
E1084N4023,2.257565576907773
E1084N4024,2.30919674149925
E1084N4025,2.3847104130451804
E1085N4007,2.2687833178714176
E1085N4008,2.211542035802314
E1085N4009,2.19269245248036
E1085N4010,2.1972710894305707
E1085N4011,2.205455749564278
E1085N4012,2.2010493143491825
E1085N4013,2.2122625496280546
E1085N4014,2.2292105636039525
E1085N4015,2.2609152308839517
E1085N4016,2.258912010917334
E1085N4017,2.2900789227212988
E1085N4018,2.345550081724294
E1085N4019,2.3420483746424767
E1085N4020,2.3756782863877355
E1085N4021,2.246332642935025
E1085N4022,2.265828126407875
E1085N4023,2.28768616167658
E1086N4006,2.336779619715562
E1086N4007,2.286636436605226
E1086N4008,2.206227370439178
E1086N4009,2.174481704316087
E1086N4010,2.1837801908435965
E1086N4011,2.2127682311168653
E1086N4012,2.2010904992241023
E1086N4013,2.212871472023102
E1086N4014,2.264160052320568
E1086N4015,2.2750965701601853
E1086N4016,2.2802333782892616
E1086N4017,2.284362552495646
E1086N4018,2.386613788134168
E1087N4005,2.4194065967984337
E1087N4007,2.311174721762723
E1087N4008,2.234676099208025
E1087N4009,2.187746603760492
E1087N4010,2.1918562538714657
E1087N4011,2.218707387862896
E1087N4012,2.219945367137212
E1087N4013,2.1992451698844224
E1087N4014,2.266882923216317
E1087N4015,2.3027330364697454
E1087N4016,2.304667861345
E1087N4017,2.343513566827331
E1088N4005,2.438408892653728
E1088N4007,2.339771862318131
E1088N4008,2.243222346794429
E1088N4009,2.202983778667612
E1088N4010,2.2094230502880627
E1088N4011,2.229760268850777
E1088N4012,2.264992529819273
E1088N4013,2.271204990262388
E1088N4014,2.277650137995683
E1088N4015,2.30321583667761
E1088N4026,2.03656534851622
E1088N4029,1.876118735961822
E1088N4030,1.8777711238045112
E1088N4031,1.887341007266085
E1089N4007,2.2845527091845867
E1089N4008,2.276975940121255
E1089N4009,2.2676184210132715
E1089N4024,2.02405037895536
E1089N4025,1.963900286150734
E1089N4026,1.9834311632078416
E1089N4027,2.0154035878321777
E1089N4028,1.967744169679896
E1089N4029,1.886982942654062
E1089N4030,1.8927502465215895
E1089N4031,1.893806106620102
E1089N4032,1.9173706249808629
E1090N4021,1.8945752573488404
E1090N4023,1.946140747825556
E1090N4024,1.951528408536748
E1090N4025,1.909458700197688
E1090N4026,1.9584435240608264
E1090N4027,1.9880802902183103
E1090N4028,1.99251638183298
E1090N4029,1.908934653980645
E1090N4030,1.892048938068099
E1090N4031,1.9392301074973368
E1090N4032,2.0542144672062013
E1091N4010,2.450808463123033
E1091N4011,2.451989461903775
E1091N4019,1.9559230012553332
E1091N4020,1.9491835260011672
E1091N4021,1.9242968525787083
E1091N4022,1.9322696285223944
E1091N4023,1.9034475491207048
E1091N4024,1.9123554028568288
E1091N4025,1.9093459384844933
E1091N4026,1.9491955933725456
E1091N4027,2.012179233429263
E1091N4028,2.071090211794396
E1091N4029,2.046938613087437
E1091N4030,2.088892592214577
E1091N4031,2.1114089787280603
E1091N4032,2.152520543212931
E1091N4033,2.242966307419027
E1091N4036,2.3115337679016
E1092N4009,2.438155687792288
E1092N4010,2.445282015315055
E1092N4019,2.0577724747095307
E1092N4020,1.975218823816778
E1092N4021,1.9499828472559195
E1092N4022,1.9229243881085103
E1092N4023,1.93622258344862
E1092N4024,1.935503961408532
E1092N4025,1.9512578604187631
E1092N4026,2.004142386149093
E1092N4027,2.1089339502270144
E1092N4028,2.1673123123521543
E1092N4029,2.1695639281351915
E1092N4030,2.185948967207473
E1092N4031,2.1957899091231976
E1092N4032,2.2313474947769163
E1092N4033,2.271530337371333
E1092N4035,2.28638345721619
E1092N4036,2.2536556032602104
E1092N4037,2.1847549705692044
E1092N4038,2.262334575303961
E1093N4009,2.41838008786779
E1093N4019,2.1934086933023127
E1093N4020,2.096894520400117
E1093N4021,2.0757669356209187
E1093N4023,1.991069070986947
E1093N4024,1.9773749852344664
E1093N4025,2.023087163070691
E1093N4026,2.094341315109649
E1093N4027,2.2102172285264667
E1093N4028,2.1972815897381217
E1093N4029,2.2301605906775204
E1093N4030,2.2403562876836376
E1093N4032,2.234063682361457
E1093N4033,2.268336379740252
E1093N4034,2.294787797194243
E1093N4035,2.2378834417057494
E1093N4036,2.1718600134226973
E1093N4037,2.149912371312367
E1093N4038,2.1589745517279875
E1093N4039,2.206233976924214
E1094N3958,2.502521879753488
E1094N3960,2.5072142484552997
E1094N3961,2.463479906825697
E1094N3990,2.4669831612800097
E1094N4009,2.4108406648973184
E1094N4019,2.250112309207224
E1094N4020,2.2241755038107285
E1094N4021,2.1832430740183666
E1094N4022,2.1538700261280908
E1094N4027,2.2567545355038474
E1094N4032,2.138643052575992
E1094N4034,2.310420606963408
E1094N4035,2.216754266319436
E1094N4036,2.1363338286908173
E1094N4037,2.1243074509687165
E1094N4038,2.130831940295391
E1094N4039,2.171750583610617
E1094N4040,2.2997971632905907
E1094N4041,2.3037441369332243
E1095N3960,2.475576736584528
E1095N3961,2.478708315256912
E1095N3962,2.456745536248619
E1095N3985,2.3501521881917897
E1095N3986,2.404522516580355
E1095N3987,2.420641947281796
E1095N3988,2.4258633671677647
E1095N3989,2.438569115943992
E1095N3990,2.453163321804997
E1095N4009,2.3707180661504177
E1095N4017,2.2429537402798854
E1095N4018,2.250472257533976
E1095N4019,2.267046731449448
E1095N4020,2.275239915430535
E1095N4021,2.283373050806074
E1095N4031,2.3555517938523973
E1095N4033,2.2735827926999947
E1095N4034,2.2954278006708115
E1095N4035,2.187187197575082
E1095N4036,2.141729875683301
E1095N4037,2.1245538481366784
E1095N4038,2.1247587424078627
E1095N4039,2.166463295634917
E1095N4040,2.25347036093474
E1095N4041,2.346957936748968
E1095N4042,2.354239939318595
E1096N3960,2.4417995101470606
E1096N3961,2.439713599807398
E1096N3962,2.449575052246796
E1096N3983,2.260680122095194
E1096N3984,2.2717640584899925
E1096N3985,2.2844071096315965
E1096N3986,2.3112078265757874
E1096N3987,2.34804514427718
E1096N3988,2.3771279922905344
E1096N3989,2.399932919446174
E1096N4010,2.314040085621333
E1096N4011,2.362085136573619
E1096N4013,2.3433857637442617
E1096N4017,2.22442017679296
E1096N4018,2.2227567175476355
E1096N4019,2.256216331929741
E1096N4020,2.279594023188735
E1096N4031,2.3599096801394546
E1096N4032,2.3232142725926783
E1096N4033,2.304348537841669
E1096N4034,2.291347910347437
E1096N4035,2.2358082143265623
E1096N4036,2.1362189260626256
E1096N4037,2.1262421502656337
E1096N4038,2.1380817548723567
E1096N4039,2.187739984291719
E1096N4040,2.275624899517932
E1096N4041,2.342497260899415
E1096N4042,2.360531378550831
E1096N4043,2.32649252122392
E1097N3960,2.451658680062588
E1097N3961,2.457623864937937
E1097N3962,2.467112963670566
E1097N3981,2.202820902807199
E1097N3982,2.2338819852267005
E1097N3983,2.22659373091406
E1097N3984,2.254437728591652
E1097N3985,2.265464371102084
E1097N3986,2.295563928037024
E1097N3987,2.3360139905720203
E1097N3988,2.3329749902195025
E1097N3989,2.2946283682474604
E1097N3990,2.260185869610857
E1097N3991,2.308205949550016
E1097N3992,2.300968189664733
E1097N4012,2.229281586796768
E1097N4013,2.322131899168572
E1097N4017,2.2335001489777437
E1097N4018,2.2362515280015094
E1097N4019,2.2511618449724096
E1097N4020,2.283609363909609
E1097N4021,2.358915282852925
E1097N4031,2.3861023039372973
E1097N4032,2.330448121234508
E1097N4033,2.2941373614329104
E1097N4034,2.2505248289213053
E1097N4035,2.2037959573365047
E1097N4036,2.157071161686372
E1097N4037,2.1243618833148226
E1097N4038,2.1366752196732337
E1097N4039,2.239602294019035
E1097N4040,2.2729710048865788
E1097N4041,2.288467966804121
E1097N4042,2.308951306438772
E1097N4043,2.3483085049246157
E1097N4044,2.3294419919332845
E1098N3980,2.175498382324967
E1098N3981,2.1872373220941985
E1098N3982,2.204515046325542
E1098N3983,2.2432148363028586
E1098N3984,2.2747626200900557
E1098N3985,2.2864664242570085
E1098N3986,2.2945957317213
E1098N3987,2.307634415992016
E1098N3988,2.2489047443824437
E1098N3989,2.2285779844921945
E1098N3990,2.224846712703844
E1098N3991,2.275971315893643
E1098N4011,2.248377411839752
E1098N4012,2.2724700737479195
E1098N4013,2.382809624521612
E1098N4014,2.397017086033299
E1098N4017,2.234525493194513
E1098N4018,2.237176714995134
E1098N4019,2.24143307975678
E1098N4020,2.3067393264531257
E1098N4021,2.354251708474552
E1098N4031,2.3839085698919256
E1098N4032,2.3121774503700525
E1098N4033,2.2814510030767945
E1098N4034,2.244403973496535
E1098N4035,2.1663730628665863
E1098N4036,2.1061794048418423
E1098N4037,2.099156611406296
E1098N4038,2.2073802454190314
E1098N4039,2.260712781444852
E1098N4040,2.273195563012056
E1098N4041,2.2741005533154253
E1098N4042,2.197793274038498
E1098N4043,2.2051775994087484
E1098N4044,2.259696576266229
E1098N4045,2.32376497361915
E1099N3979,2.170938851560144
E1099N3980,2.163972040140475
E1099N3981,2.134082403663514
E1099N3982,2.178859299575942
E1099N3983,2.2241422153694432
E1099N3984,2.282496953973775
E1099N3985,2.332397105488169
E1099N3986,2.336356076818248
E1099N3987,2.333133669657311
E1099N3988,2.274639935517232
E1099N3989,2.2488255984123757
E1099N3990,2.205077853179791
E1099N3991,2.2702429345123005
E1099N3992,2.3285571464186106
E1099N3993,2.405076656840858
E1099N3996,2.390756235659808
E1099N3998,2.433381115943777
E1099N3999,2.406805714071293
E1099N4013,2.3066611219808224
E1099N4016,2.303174769513418
E1099N4017,2.2494661491075663
E1099N4018,2.246742251594178
E1099N4019,2.255708266520834
E1099N4031,2.378690398383652
E1099N4032,2.3415305760125205
E1099N4033,2.291752592102742
E1099N4034,2.245142125892658
E1099N4035,2.147288310103647
E1099N4036,2.0698947339391056
E1099N4037,2.0889236624038405
E1099N4038,2.1654584845690854
E1099N4039,2.2444466745135667
E1099N4040,2.233971006998167
E1099N4041,2.144520079814117
E1099N4042,2.079101449775064
E1099N4043,2.07745938434002
E1099N4044,2.219200926308965
E1099N4045,2.285504223355438
E1099N4046,2.332844521880232
E1100N3978,2.3716979032493137
E1100N3979,2.2636805420620094
E1100N3980,2.162782888372912
E1100N3981,2.132463084588866
E1100N3982,2.148474354847505
E1100N3983,2.260298630172545
E1100N3984,2.306306335032418
E1100N3985,2.3688697148960007
E1100N3986,2.3642524359056054
E1100N3987,2.344270377224822
E1100N3988,2.3273908208577825
E1100N3989,2.303329112924624
E1100N3990,2.255698523389514
E1100N3991,2.260736776178967
E1100N3992,2.2868727050724864
E1100N3996,2.415869533972811
E1100N3997,2.4926346441988745
E1100N3998,2.476679503706803
E1100N3999,2.420231430306876
E1100N4016,2.291391189938153
E1100N4017,2.236343482116647
E1100N4018,2.2254273524868773
E1100N4019,2.256227441631885
E1100N4032,2.3724612226102555
E1100N4033,2.3031032295071485
E1100N4034,2.235471523053287
E1100N4035,2.1173586436026004
E1100N4036,2.094346291967918
E1100N4037,2.0688468230004244
E1100N4038,2.0779317841316134
E1100N4039,2.1177692346461447
E1100N4040,2.104813439266298
E1100N4041,2.0733459219458323
E1100N4042,2.0452079367322518
E1100N4043,2.0722533465212263
E1100N4044,2.166666140299767
E1100N4045,2.258122563646489
E1100N4046,2.3557667445515404
E1101N3977,2.589770223120284
E1101N3978,2.5076665833586897
E1101N3979,2.308929134030196
E1101N3980,2.164243086947606
E1101N3981,2.135989466555687
E1101N3982,2.1635176775900886
E1101N3983,2.1875518705957626
E1101N3984,2.283559783993605
E1101N3985,2.3452610765950586
E1101N3986,2.3517556701539086
E1101N3988,2.29340728980876
E1101N3989,2.3127569433024595
E1101N3990,2.2948046735309724
E1101N3991,2.280704124303535
E1101N3992,2.311475100298432
E1101N3993,2.304449274163616
E1101N3996,2.490844233911564
E1101N4015,2.2453731164293096
E1101N4016,2.2403064469520584
E1101N4017,2.246706462300711
E1101N4021,2.3333158433795926
E1101N4022,2.3505710820209305
E1101N4023,2.3593883430877347
E1101N4025,2.271868697447447
E1101N4026,2.280857050340912
E1101N4034,2.2552708571112112
E1101N4035,2.169981601394116
E1101N4036,2.1192767232095977
E1101N4037,2.057581344321248
E1101N4038,2.0587229247538468
E1101N4039,2.0610062564166025
E1101N4040,2.083260368849884
E1101N4041,2.054917415772173
E1101N4042,2.069248822538865
E1101N4043,2.107964402135136
E1101N4044,2.225562424587656
E1101N4045,2.26871623588939
E1101N4046,2.3757544774980963
E1102N3978,2.519359006190177
E1102N3979,2.3987760163481
E1102N3980,2.180489651355997
E1102N3981,2.1477241832946405
E1102N3982,2.1628524387238386
E1102N3983,2.196192792486313
E1102N3984,2.278532628800496
E1102N3985,2.2730371465186505
E1102N3986,2.2421038267569875
E1102N3987,2.131953657678861
E1102N3988,2.1080937389463386
E1102N3989,2.2581832087717317
E1102N3990,2.2996902300281774
E1102N3991,2.300371980232628
E1102N3992,2.2915323443055167
E1102N3993,2.3016278702616684
E1102N3996,2.458507286582646
E1102N4002,2.311341791207096
E1102N4003,2.268617775764208
E1102N4004,2.215500383877496
E1102N4015,2.2627077180447133
E1102N4016,2.24982761568342
E1102N4017,2.2383728727600896
E1102N4020,2.292243054021471
E1102N4021,2.2953219021710525
E1102N4022,2.301424354895068
E1102N4023,2.2797718203525825
E1102N4025,2.254712940811252
E1102N4026,2.2788191797319644
E1102N4027,2.2742096517467485
E1102N4028,2.2887603719405063
E1102N4034,2.3088761028408884
E1102N4035,2.2339760005019684
E1102N4036,2.15047863519679
E1102N4037,2.077029006327473
E1102N4038,2.071176459301295
E1102N4039,2.0789410204952974
E1102N4040,2.1186028569827817
E1102N4041,2.174937911579303
E1102N4042,2.176313804669492
E1102N4043,2.218016113397443
E1102N4044,2.2601390231864307
E1102N4045,2.322566891167406
E1102N4046,2.380405190687175
E1103N3978,2.452213378912305
E1103N3979,2.3963996731044213
E1103N3980,2.1943310778802587
E1103N3981,2.194233545917908
E1103N3982,2.126112844056715
E1103N3983,2.072276662563251
E1103N3984,2.1223485400777427
E1103N3985,2.101049215070712
E1103N3986,2.11248614874305
E1103N3987,2.045105860906417
E1103N3988,2.0647155150891887
E1103N3989,2.181740768591163
E1103N3990,2.2649110649777944
E1103N3991,2.3101821056068146
E1103N3992,2.3011767933917437
E1103N3993,2.3001955434361614
E1103N3997,2.422431938514886
E1103N3998,2.426763102908537
E1103N3999,2.452971760128721
E1103N4000,2.396331545981316
E1103N4001,2.3446358239510467
E1103N4002,2.2716813921013177
E1103N4003,2.2524625760883947
E1103N4004,2.2569186498000198
E1103N4005,2.256045033073519
E1103N4006,2.3115508612067
E1103N4015,2.26269154199751
E1103N4016,2.253480172107712
E1103N4017,2.2363193355969377
E1103N4018,2.2694331379425297
E1103N4019,2.267971047062133
E1103N4020,2.268683007048867
E1103N4021,2.266081300635128
E1103N4022,2.259815957805169
E1103N4023,2.22816253896067
E1103N4024,2.2485178795362395
E1103N4025,2.2146762515899705
E1103N4026,2.2552034985239544
E1103N4027,2.2380250591784137
E1103N4028,2.244040826623521
E1103N4029,2.221127158410191
E1103N4030,2.151647803716955
E1103N4035,2.303508056005355
E1103N4036,2.2183735665975024
E1103N4037,2.121335005290373
E1103N4038,2.0798926377818088
E1103N4039,2.1487217585133207
E1103N4040,2.2023074903970152
E1103N4041,2.230103706652223
E1103N4042,2.2470815256649903
E1103N4043,2.2796977584526648
E1103N4044,2.3431401556667955
E1104N3978,2.413788658942296
E1104N3979,2.4292943042527804
E1104N3980,2.2381383351416018
E1104N3981,2.188088876231638
E1104N3982,2.0841746755197117
E1104N3983,2.0252617249201728
E1104N3984,2.0222192225068407
E1104N3985,1.966887689521801
E1104N3986,1.9842224758902
E1104N3987,2.020552321328177
E1104N3988,2.093834243761244
E1104N3989,2.240035907152568
E1104N3990,2.3367582970211176
E1104N3991,2.3417678676550486
E1104N3992,2.3380155983236346
E1104N3993,2.328895328219865
E1104N3997,2.353301808876807
E1104N3998,2.3866089951867133
E1104N3999,2.340304743101706
E1104N4000,2.3291347667397986
E1104N4001,2.3003374901683067
E1104N4002,2.27434595899677
E1104N4003,2.2398136775082773
E1104N4004,2.244596150202743
E1104N4005,2.2680052256206715
E1104N4006,2.2949590012889254
E1104N4014,2.348416012948774
E1104N4015,2.337013732201359
E1104N4016,2.287441837543585
E1104N4017,2.259469711703812
E1104N4018,2.271048779718448
E1104N4019,2.263186888679335
E1104N4020,2.2238535139352384
E1104N4021,2.186057787837872
E1104N4022,2.152832213304538
E1104N4023,2.1681878910144428
E1104N4024,2.1592258948996275
E1104N4025,2.185825973949549
E1104N4026,2.19926641647802
E1104N4027,2.214137262401619
E1104N4028,2.2182378166592134
E1104N4029,2.2228336861827267
E1104N4030,2.1711929368418743
E1104N4031,2.159253122653796
E1104N4035,2.313591966551685
E1104N4036,2.297993708062812
E1104N4037,2.259078891033755
E1104N4038,2.231974138153451
E1104N4039,2.223210045222588
E1104N4040,2.216653162499984
E1104N4041,2.260618464921012
E1105N3979,2.4221979990376408
E1105N3980,2.309630869782121
E1105N3981,2.202769638132646
E1105N3982,2.087169198387347
E1105N3983,1.9237266716492667
E1105N3984,1.902660596416756
E1105N3985,1.8972096139801795
E1105N3986,1.9380532983774483
E1105N3988,2.19235128746548
E1105N3989,2.3502857375624044
E1105N3990,2.370806331301128
E1105N3991,2.40213862003459
E1105N3992,2.392979295370843
E1105N3993,2.400222829693152
E1105N3994,2.350722274643119
E1105N3996,2.31372816717908
E1105N3997,2.2636526850396206
E1105N3998,2.2092127592318387
E1105N3999,2.252668541838957
E1105N4000,2.318265745806571
E1105N4001,2.325762976819832
E1105N4002,2.295102940229982
E1105N4003,2.248839843354476
E1105N4004,2.25906081697587
E1105N4005,2.2846763493003808
E1105N4006,2.2752756978981683
E1105N4014,2.3757390916212
E1105N4015,2.360584178281269
E1105N4016,2.341262653056351
E1105N4017,2.290767289104598
E1105N4018,2.2839449372444323
E1105N4019,2.240161534503859
E1105N4020,2.1870316231453883
E1105N4021,2.1360151273474264
E1105N4022,2.1354642832074613
E1105N4023,2.136663894265503
E1105N4024,2.113832307422012
E1105N4027,2.211734610889778
E1105N4028,2.1952725197787952
E1105N4029,2.224134657376687
E1105N4030,2.1871948971418176
E1105N4031,2.2374940519283766
E1105N4032,2.25095350697811
E1105N4033,2.3170145831840325
E1105N4036,2.3103763093739897
E1105N4037,2.293079715385627
E1105N4038,2.255181461866969
E1105N4039,2.245456903378265
E1106N3974,2.365842375559622
E1106N3975,2.3682875521411857
E1106N3980,2.2653078287400934
E1106N3981,2.163087252061909
E1106N3982,2.031027005933627
E1106N3983,1.9041787141725253
E1106N3984,1.8752359338508728
E1106N3985,1.8896422869385607
E1106N3986,1.922272714029144
E1106N3987,2.0200904955867016
E1106N3988,2.2035437277156062
E1106N3989,2.328981201668312
E1106N3990,2.412830483973168
E1106N3991,2.438975537396825
E1106N3996,2.3185500552820795
E1106N3997,2.233481426812104
E1106N3998,2.217123466679013
E1106N3999,2.165055212678394
E1106N4000,2.234614727058807
E1106N4001,2.2557280188487296
E1106N4002,2.3006902301904657
E1106N4003,2.281109293284839
E1106N4004,2.2664077087325984
E1106N4005,2.254517754580758
E1106N4006,2.3112551346662515
E1106N4014,2.437142436866535
E1106N4015,2.412214083091671
E1106N4016,2.349690087868014
E1106N4017,2.3137849014369363
E1106N4021,2.1459683230577915
E1106N4022,2.124815418941842
E1106N4023,2.1390194697664167
E1106N4024,2.1312066595686656
E1106N4025,2.1429801101525694
E1106N4026,2.16605690094355
E1106N4027,2.2310327720281697
E1106N4028,2.2286937039892094
E1106N4029,2.2344047157652858
E1106N4030,2.176995231152616
E1106N4031,2.219477010327604
E1106N4032,2.2274180997738307
E1106N4033,2.294209442429132
E1106N4034,2.3076750094456235
E1106N4035,2.3490243790214698
E1106N4041,2.282593370544414
E1107N3980,2.259046015858837
E1107N3981,2.105031780045636
E1107N3982,2.035604593118824
E1107N3983,1.9175014939385504
E1107N3984,1.877222564784997
E1107N3985,1.910063939561324
E1107N3986,1.93885030934024
E1107N3987,2.010499002518039
E1107N3988,2.2079294722044094
E1107N3989,2.3024663595953907
E1107N3990,2.44059993362283
E1107N3997,2.2257999697613258
E1107N3998,2.1302124621544856
E1107N3999,2.162320515233337
E1107N4000,2.156152529651833
E1107N4002,2.227115010475121
E1107N4003,2.2613495726255333
E1107N4004,2.255304968574316
E1107N4005,2.293812471743894
E1107N4023,2.13005709889104
E1107N4024,2.1733562653879344
E1107N4025,2.1619938950637003
E1107N4026,2.196182698112938
E1107N4027,2.225996739943068
E1107N4028,2.2367344840294856
E1107N4029,2.241114927975215
E1107N4030,2.225677150298367
E1107N4031,2.229336433824442
E1107N4032,2.2286772890684503
E1107N4033,2.267022537698547
E1107N4034,2.2983533224013946
E1107N4035,2.379797461086268
E1107N4040,2.2712185252162462
E1107N4041,2.289576397033482
E1107N4042,2.2949503722421083
E1108N3981,2.142480983249892
E1108N3982,2.066917894391817
E1108N3983,1.9681976242349173
E1108N3984,1.891683283223452
E1108N3985,1.916566278332216
E1108N3986,1.9206632589921149
E1108N3987,1.9536167950068808
E1108N3988,2.036821633706037
E1108N3989,2.212950327570544
E1108N3990,2.337188743842596
E1108N3991,2.3804683071282184
E1108N3997,2.247323933298844
E1108N3998,2.13889754523295
E1108N3999,2.0531791589412878
E1108N4000,2.035919077295168
E1108N4001,2.04781251069421
E1108N4002,2.1596288208273617
E1108N4004,2.280336800369108
E1108N4005,2.302674148230241
E1108N4023,2.2319052036626634
E1108N4024,2.230060448782126
E1108N4025,2.1861326673870467
E1108N4026,2.2332992019049547
E1108N4027,2.235663587317526
E1108N4028,2.2557031662930527
E1108N4029,2.257084321316707
E1108N4030,2.238593280169288
E1108N4031,2.2359195682322173
E1108N4032,2.2585144257446674
E1108N4033,2.256875067968278
E1108N4034,2.303276381782787
E1108N4035,2.3492957224673376
E1108N4039,2.298112816072284
E1108N4040,2.2768398125156484
E1108N4041,2.2732357082773125
E1108N4042,2.291386137093195
E1108N4043,2.349899392460688
E1109N3981,2.154072070569455
E1109N3982,2.096734064466834
E1109N3983,1.996847069843968
E1109N3984,1.8985068960068407
E1109N3985,1.913374458403728
E1109N3986,1.929604272591544
E1109N3987,1.937384534119587
E1109N3988,2.017465270643012
E1109N3989,2.201394554231483
E1109N3990,2.243767502052646
E1109N3991,2.350746415106563
E1109N3997,2.1595948401689693
E1109N3998,2.0802998525358984
E1109N3999,2.003248796144008
E1109N4000,1.9835139312167984
E1109N4001,1.97197524997375
E1109N4002,2.049618012624588
E1109N4003,2.093171342023481
E1109N4004,2.13953056920889
E1109N4024,2.296683787851855
E1109N4025,2.292055207711735
E1109N4026,2.2807042958327024
E1109N4027,2.257464920470303
E1109N4028,2.2597774595076183
E1109N4029,2.254587278046378
E1109N4030,2.2690634682730293
E1109N4031,2.271758587818559
E1109N4032,2.275583168668632
E1109N4033,2.3073388829001407
E1109N4039,2.315117619891109
E1109N4040,2.2978539426711104
E1109N4041,2.292471374429122
E1109N4042,2.320460774697397
E1110N3982,2.164604676079529
E1110N3983,2.051818590401135
E1110N3984,1.9351497080382596
E1110N3985,1.9126124808911995
E1110N3986,1.927031837856389
E1110N3987,1.94444950279316
E1110N3988,1.9857337311878815
E1110N3989,2.149726608106458
E1110N3990,2.213636490734221
E1110N3991,2.251551696521745
E1110N3997,2.1184137516431747
E1110N3998,2.054107524604506
E1110N3999,1.959191004263945
E1110N4000,1.9511091577025592
E1110N4001,1.91926154122484
E1110N4002,1.9176880419025877
E1110N4003,1.9955670309698308
E1110N4004,2.038050848517056
E1110N4026,2.3025054171827763
E1110N4039,2.371919766741327
E1110N4040,2.362924554202817
E1110N4041,2.352671196779987
E1111N3982,2.2195829120365422
E1111N3983,2.070613877562729
E1111N3984,2.0111120898631327
E1111N3985,1.9357373933270197
E1111N3986,1.905424976225437
E1111N3987,1.950504668542281
E1111N3988,2.037719027385952
E1111N3989,2.0651963197291483
E1111N3990,2.104278950875921
E1111N3991,2.123201799346598
E1111N3992,2.1313488976708737
E1111N3997,2.1325920117165857
E1111N3998,2.0375483878610527
E1111N3999,1.967084393092254
E1111N4000,1.9045953148534127
E1111N4001,1.8862520312892967
E1111N4002,1.8302505022980309
E1111N4003,1.886807488757556
E1111N4004,1.9556246214641777
E1111N4039,2.424096396346018
E1111N4040,2.408621175030141
E1111N4041,2.424617879180655
E1111N4042,2.436410151891126
E1112N3983,2.26076701707277
E1112N3984,2.080843438871019
E1112N3985,2.0264541868535297
E1112N3986,1.9577335236993865
E1112N3987,2.0482414943183542
E1112N3988,2.02535789823403
E1112N3989,2.030814301261349
E1112N3990,2.0223307752212865
E1112N3991,2.011507836658415
E1112N3992,2.003296307405781
E1112N3993,2.048491213468575
E1112N3994,2.041908023625399
E1112N3998,2.0220919507276904
E1112N3999,1.9361840230699392
E1112N4000,1.8259282864589967
E1112N4001,1.786952638221212
E1112N4002,1.770328778686488
E1112N4003,1.847664955638522
E1112N4004,1.9113230768700225
E1112N4040,2.455337526671892
E1112N4041,2.4595312192900938
E1112N4042,2.460567815880796
E1113N3972,2.580265361670476
E1113N3984,2.147159068173261
E1113N3985,2.094143222044155
E1113N3986,2.14974286899033
E1113N3987,2.17635208562842
E1113N3988,2.0393635369218965
E1113N3989,2.0359660020467936
E1113N3990,1.988018239140136
E1113N3991,1.960635564639452
E1113N3992,1.9666159841620887
E1113N3993,1.9546839059359424
E1113N3994,1.9601252003254
E1113N3997,2.0635578530088403
E1113N3998,1.9647932902301888
E1113N3999,1.8631318444453109
E1113N4000,1.768024857247162
E1113N4001,1.7742402333317386
E1113N4002,1.7335592659888956
E1113N4003,1.8287743201757056
E1113N4004,1.9271803763167308
E1113N4040,2.4675625504024032
E1113N4041,2.471512298388441
E1113N4042,2.5011862019448867
E1114N3978,2.474390781775015
E1114N3986,2.285446348454645
E1114N3987,2.2746267433793848
E1114N3988,2.186723483326225
E1114N3989,2.12962962877013
E1114N3990,2.0222178860577165
E1114N3991,1.9149278016023368
E1114N3992,1.9064951247920496
E1114N3993,1.891409581960961
E1114N3994,1.8588356861849813
E1114N3995,1.826210983702587
E1114N3996,1.8594707290561212
E1114N3997,1.924896293710022
E1114N3998,1.893908696807612
E1114N3999,1.7884810940597382
E1114N4000,1.7612693804821489
E1114N4001,1.737287561712089
E1114N4002,1.7103669179819831
E1114N4003,1.820881709265797
E1114N4041,2.495093310975462
E1114N4042,2.521273269012652
E1114N4043,2.5365214544808814
E1115N3988,2.2756579983284166
E1115N3989,2.159825576661894
E1115N3990,2.0579038150813487
E1115N3991,1.942394714442317
E1115N3992,1.9141738775067705
E1115N3993,1.898875580751353
E1115N3994,1.812811244026605
E1115N3995,1.7882312278294492
E1115N3996,1.8031988582119356
E1115N3997,1.805754333848932
E1115N3998,1.8556722114923685
E1115N3999,1.7738904317608877
E1115N4000,1.7453735402700303
E1115N4001,1.7173254439686798
E1115N4002,1.7523960319081149
E1115N4003,1.7840907291213557
E1115N4004,2.012114804325634
E1115N4041,2.5367893447532905
E1115N4043,2.533244081515936
E1116N3975,2.765475351606938
E1116N3976,2.7500720633104763
E1116N3977,2.7103588182974008
E1116N3978,2.523785281430244
E1116N3981,2.587555151326228
E1116N3982,2.570940276134408
E1116N3990,2.189699695815783
E1116N3991,2.130421919947869
E1116N3992,2.0890292225461717
E1116N3993,2.0226666414412184
E1116N3994,1.898920045899364
E1116N3995,1.813809901359679
E1116N3996,1.8276034870086968
E1116N3997,1.7980081937660422
E1116N3998,1.7841502695611449
E1116N3999,1.7816855885242835
E1116N4000,1.783958315389333
E1116N4001,1.7867994539778569
E1116N4002,1.80777592504638
E1117N3974,2.691345078874765
E1117N3975,2.7156949940224377
E1117N3976,2.6915630496410707
E1117N3977,2.650541779897212
E1117N3979,2.5498084524157294
E1117N3980,2.5480589222140546
E1117N3987,2.257554814984806
E1117N3988,2.277904922154645
E1117N3991,2.318834855116408
E1117N3992,2.3008417335393
E1117N3993,2.2375476755142065
E1117N3994,2.0625583674936947
E1117N3995,1.9526956877909776
E1117N3996,1.8751590752400824
E1117N3998,1.811788375634398
E1117N3999,1.8278099284933644
E1117N4000,1.8542026008093335
E1117N4001,1.894439261316801
E1117N4003,1.9397273022164248
E1118N3976,2.634413395747335
E1118N3977,2.546913419234697
E1118N3978,2.518758435312422
E1118N3979,2.526413427913024
E1118N3980,2.5258622936431983
E1118N3981,2.558861446743666
E1118N3983,2.459649313663556
E1118N3984,2.3285431671751105
E1118N3985,2.2666392858984694
E1118N3986,2.218834966433637
E1118N3987,2.2202973308908738
E1118N3988,2.290677379729076
E1118N3989,2.329166207468987
E1118N3990,2.3984170012198582
E1118N3991,2.4738660149091705
E1118N3992,2.5276130905480345
E1118N3993,2.396762266313248
E1118N3994,2.271132674079535
E1118N3995,2.048882820873658
E1118N3996,1.951744346763821
E1118N3997,1.9780191172791064
E1118N3998,1.9423983620686376
E1118N3999,1.9567391352243604
E1118N4000,1.9457937576107975
E1118N4001,1.875598224845617
E1118N4002,1.8348768428562456
E1119N3975,2.625376567797369
E1119N3976,2.6161711388007696
E1119N3977,2.517379663816096
E1119N3978,2.524145866016621
E1119N3979,2.5243425385241585
E1119N3980,2.518833953778423
E1119N3981,2.529764784353158
E1119N3983,2.3553034373636232
E1119N3984,2.313325266410077
E1119N3985,2.262013057019385
E1119N3986,2.21047842700888
E1119N3987,2.22360702494446
E1119N3988,2.3074634468189146
E1119N3989,2.380438092679867
E1119N3990,2.463106999404039
E1119N3992,2.5458529287807754
E1119N3993,2.53402951583924
E1119N3994,2.471735179695929
E1119N3997,1.9925027261341424
E1119N3998,1.9791213023012977
E1119N3999,1.9608259923895963
E1119N4000,1.9480018992885613
E1119N4001,1.7961260673760735
E1119N4002,1.7196582184071545
E1119N4003,1.7328468032057762
E1120N3976,2.6499593283030927
E1120N3977,2.573335794574229
E1120N3978,2.536112404229768
E1120N3979,2.52355396043515
E1120N3980,2.528815203964613
E1120N3983,2.3502824848516264
E1120N3984,2.2930495294675906
E1120N3985,2.2492743768983985
E1120N3986,2.241433613766031
E1120N3987,2.2401960032609955
E1120N3988,2.3106379712006624
E1120N3989,2.395600624633388
E1120N3990,2.499832260281254
E1120N3992,2.52129595036091
E1120N3993,2.5308275971676912
E1120N3994,2.5468222309847657
E1120N3995,2.5511775469239018
E1120N3997,1.9278190216915712
E1120N3998,1.9117045758002529
E1120N3999,1.91831846944571
E1120N4000,1.8890329303651037
E1120N4001,1.781941014186068
E1120N4002,1.708852778138318
E1120N4003,1.6804263365841718
E1121N3978,2.545704779168134
E1121N3979,2.5156840052690628
E1121N3980,2.509579791649235
E1121N3981,2.481187968550009
E1121N3982,2.4092034799027315
E1121N3983,2.342189094451842
E1121N3984,2.2974724453000706
E1121N3985,2.256968617893732
E1121N3986,2.243397368325535
E1121N3987,2.2521660857105914
E1121N3988,2.3295145133768367
E1121N3989,2.405625030632137
E1121N3990,2.4860156078744198
E1121N3992,2.5239448928083617
E1121N3993,2.5203206439022856
E1121N3994,2.509351215901372
E1121N3995,2.454444098895142
E1121N3997,1.9177112144352284
E1121N3998,1.8868872380653252
E1121N3999,1.8937930867241315
E1121N4000,1.87994526541403
E1121N4001,1.803513867014611
E1121N4002,1.71259552281825
E1121N4003,1.710170036108977
E1121N4004,1.7552201315537352
E1121N4012,2.127955827292242
E1122N3977,2.669245715837518
E1122N3978,2.569578754638416
E1122N3980,2.5246783284688625
E1122N3981,2.439593188391623
E1122N3982,2.3625507968500283
E1122N3983,2.367069130101752
E1122N3984,2.2890618023068208
E1122N3985,2.2688902432773217
E1122N3986,2.2636589649228744
E1122N3987,2.2686277568329976
E1122N3988,2.3292324845351366
E1122N3989,2.374223110083726
E1122N3990,2.4283461625811524
E1122N3991,2.442565489248549
E1122N3992,2.470337044689146
E1122N3993,2.416552570345964
E1122N3994,2.404733202364726
E1122N3995,2.202841502710066
E1122N3996,1.999292767547512
E1122N3997,1.9367592523568788
E1122N3998,1.913374832855172
E1122N3999,1.901402268269602
E1122N4000,1.91344630235201
E1122N4001,1.845095509538874
E1122N4002,1.7843199526034133
E1122N4003,1.7508379603361304
E1122N4004,1.8568650895104897
E1122N4005,2.033194413248764
E1122N4010,2.250352562070088
E1122N4011,2.2290536825251763
E1122N4012,2.209012265427141
E1122N4014,2.101534009853026
E1122N4015,1.9816752210782205
E1123N3977,2.628075694312244
E1123N3978,2.5617267962004355
E1123N3979,2.5152779309674425
E1123N3980,2.452314861417477
E1123N3981,2.414032616793289
E1123N3982,2.364061115239936
E1123N3983,2.3538969373205454
E1123N3984,2.3185841389159783
E1123N3985,2.293405048312916
E1123N3986,2.2953929278923253
E1123N3987,2.3179052354511014
E1123N3988,2.3401784355179736
E1123N3989,2.3786496187348765
E1123N3990,2.397973525706085
E1123N3991,2.371898665614731
E1123N3992,2.379664471938169
E1123N3993,2.2612943825956124
E1123N3994,2.1822193852098795
E1123N3997,1.9891437894727395
E1123N3998,1.9733884597543692
E1123N3999,1.9607487041047984
E1123N4000,2.016045187382748
E1123N4001,1.9874643582469915
E1123N4002,1.887077274467364
E1123N4003,1.8937836537839607
E1123N4004,1.961242410856354
E1123N4010,2.264728667165937
E1123N4011,2.238900898492584
E1123N4012,2.201263667475984
E1123N4013,2.223879085426436
E1123N4015,2.0211978769106405
E1124N3976,2.5944415747030503
E1124N3977,2.569705127624782
E1124N3978,2.511826130396356
E1124N3979,2.4480288666526087
E1124N3980,2.40930610367938
E1124N3981,2.399737591176633
E1124N3982,2.339901911815945
E1124N3983,2.357927759269933
E1124N3984,2.3509526090060384
E1124N3985,2.384096377648225
E1124N3987,2.3816800654263472
E1124N3989,2.421155896708979
E1124N3991,2.338081714718779
E1124N3992,2.2662185769514798
E1124N3993,2.209414870513048
E1124N3994,2.2142790058708663
E1124N3995,2.083534294963808
E1124N3996,2.0731629011320223
E1124N3997,2.0512682674379543
E1124N3998,2.0801733513913825
E1124N3999,2.103183882187822
E1124N4000,2.140031626432443
E1124N4001,2.066629767222627
E1124N4002,2.064347697295821
E1124N4006,1.9670706404985927
E1124N4007,1.9858952122010831
E1124N4010,2.2487991595382035
E1124N4011,2.187107714093528
E1124N4012,2.1715206139603804
E1124N4013,2.1176986768895123
E1124N4014,2.116471340385339
E1125N3976,2.52499225084867
E1125N3977,2.4615269685231413
E1125N3978,2.4427389736503518
E1125N3979,2.4016389646840133
E1125N3980,2.393207954658858
E1125N3981,2.3941964371166966
E1125N3982,2.3783935090234043
E1125N3983,2.394744497187843
E1125N3984,2.4014388163092337
E1125N3985,2.4213901032744287
E1125N3988,2.4447807212401087
E1125N3989,2.48760503234667
E1125N3990,2.420402486302666
E1125N3991,2.3506910808033865
E1125N3992,2.266356032665669
E1125N3993,2.1868325048579327
E1125N3994,2.157688259814668
E1125N3995,2.0830172781045144
E1125N3996,2.0820573069848174
E1125N3997,2.1353684982330585
E1125N3998,2.222247665469149
E1125N3999,2.202329477977095
E1125N4000,2.2224407247086657
E1125N4001,2.2247918429642604
E1125N4002,2.1650927983633577
E1125N4003,2.078944190736767
E1125N4006,1.9695692887820169
E1125N4007,1.9969422666105108
E1125N4010,2.2734139187210705
E1125N4011,2.1936536591775977
E1125N4012,2.1144811227397278
E1125N4013,2.084284931449924
E1125N4014,2.0583296145698817
E1125N4015,2.0241249342790564
E1126N3977,2.414825226314892
E1126N3978,2.40428524978886
E1126N3979,2.4521819358684387
E1126N3980,2.416143846266019
E1126N3981,2.4093000566874148
E1126N3982,2.413936640268612
E1126N3983,2.441663873173949
E1126N3984,2.4735143384007965
E1126N3985,2.489858117717137
E1126N3986,2.502171627150072
E1126N3987,2.5139453643584666
E1126N3988,2.4698799632322244
E1126N3989,2.471851195723172
E1126N3990,2.448793087075693
E1126N3991,2.365217610323156
E1126N3992,2.309463515768528
E1126N3993,2.202507099816619
E1126N3994,2.155111362151919
E1126N3995,2.145530122293208
E1126N3996,2.0801338957763678
E1126N3997,2.1901269098437277
E1126N3998,2.2232380501412465
E1126N3999,2.2449831111687018
E1126N4000,2.229641268682779
E1126N4001,2.2398616372606543
E1126N4002,2.2487375682320985
E1126N4003,2.26114526611968
E1126N4006,1.9828992267035777
E1126N4007,1.99554944390018
E1126N4010,2.282633783661671
E1126N4011,2.242226057329382
E1126N4012,2.2140316129168345
E1126N4013,2.101012276730533
E1126N4014,2.068558496901365
E1126N4015,2.040500859344144
E1126N4020,2.1721684624891107
E1126N4021,2.1643643846952147
E1126N4022,2.043993985794924
E1126N4027,1.808798062636637
E1126N4028,1.805193013916433
E1126N4029,1.8436622085762469
E1127N3977,2.5689017512286525
E1127N3978,2.567270999949657
E1127N3979,2.538767640093738
E1127N3980,2.539598473091222
E1127N3981,2.5322014802114428
E1127N3982,2.53032214188424
E1127N3983,2.4898037539277493
E1127N3984,2.4829848548409816
E1127N3985,2.459495960351231
E1127N3986,2.485346409349377
E1127N3987,2.4636397904034504
E1127N3988,2.486849195229593
E1127N3989,2.468607193382911
E1127N3990,2.4775700492040764
E1127N3991,2.4567061634648657
E1127N3992,2.444097760418668
E1127N3993,2.2878695507029985
E1127N3994,2.204676093778257
E1127N3995,2.2070945188861493
E1127N3996,2.226460041877071
E1127N3997,2.212575569788053
E1127N3998,2.2210508468769565
E1127N3999,2.232203191419932
E1127N4000,2.2324673028862563
E1127N4001,2.246332408821028
E1127N4002,2.2263688160862114
E1127N4006,2.048922048809831
E1127N4007,2.008126498732272
E1127N4010,2.281803317112709
E1127N4011,2.258202270395091
E1127N4012,2.2429807716322863
E1127N4013,2.215108216964501
E1127N4014,2.08853337385149
E1127N4015,2.123432135817137
E1127N4021,1.9076407100016732
E1127N4023,1.830325752907216
E1127N4027,1.7850594964234272
E1127N4028,1.797950451785156
E1127N4029,1.825019493465703
E1127N4030,1.844462103145487
E1127N4031,1.9103126954682876
E1127N4032,1.895652083899168
E1128N3961,2.208942362484817
E1128N3977,2.5527741772637143
E1128N3978,2.560354447011123
E1128N3979,2.575622693255486
E1128N3980,2.6034376624483118
E1128N3981,2.609028802403509
E1128N3982,2.588600933805238
E1128N3983,2.383540645159038
E1128N3984,2.382248616732805
E1128N3985,2.398415157178999
E1128N3986,2.4116069713882604
E1128N3987,2.4495058048794465
E1128N3988,2.4671073910789296
E1128N3989,2.470838924629543
E1128N3990,2.461036297475758
E1128N3991,2.5416085974337475
E1128N3992,2.546971877771526
E1128N3993,2.4145355409377247
E1128N3994,2.325356236053425
E1128N3995,2.3334241956313053
E1128N3996,2.2710798190093198
E1128N3997,2.225737802019144
E1128N3998,2.264730073629263
E1128N3999,2.2281166909820027
E1128N4000,2.247249720176443
E1128N4001,2.2340404577071027
E1128N4002,2.25307611366542
E1128N4003,2.262195677569625
E1128N4006,2.094649806291944
E1128N4007,2.041692663999315
E1128N4008,2.0973084208537984
E1128N4010,2.280626653283367
E1128N4011,2.281175189900329
E1128N4012,2.262240584296442
E1128N4013,2.2324211574163084
E1128N4014,2.188616414279561
E1128N4015,2.2488870149472047
E1128N4020,1.7808607959576994
E1128N4022,1.7998076688329867
E1128N4023,1.7973496512407716
E1128N4024,1.8241024870205944
E1128N4027,1.7977420840647922
E1128N4028,1.7781173178489686
E1128N4029,1.8220322533072448
E1128N4030,1.8376311990552812
E1128N4031,1.8599332243479332
E1128N4032,1.9316816506923336
E1129N3977,2.588028070423869
E1129N3978,2.5705130341372797
E1129N3979,2.5926597353599385
E1129N3980,2.5950610145117743
E1129N3981,2.580864931415469
E1129N3982,2.5105132794377343
E1129N3983,2.398045342204232
E1129N3984,2.3615500000660923
E1129N3985,2.338945845735104
E1129N3986,2.3228220831594086
E1129N3987,2.446669667408916
E1129N3988,2.446547431214982
E1129N3989,2.4638947035366607
E1129N3990,2.500770537307221
E1129N3991,2.5568653525913287
E1129N3992,2.564235634669421
E1129N3993,2.5694212260583087
E1129N3994,2.460725567383299
E1129N3995,2.4237664946685804
E1129N3996,2.424458653116833
E1129N3997,2.395865499120604
E1129N3998,2.347686610664568
E1129N3999,2.251523079621382
E1129N4000,2.1891135299474755
E1129N4001,2.130859137996206
E1129N4002,2.140877882033775
E1129N4003,2.14507723549195
E1129N4006,2.1409957908777084
E1129N4007,2.141932664179945
E1129N4008,2.1487541451266066
E1129N4010,2.2925051847103424
E1129N4011,2.265576084257054
E1129N4012,2.246977746001132
E1129N4014,2.2105138191162657
E1129N4018,1.7790689534268331
E1129N4019,1.7549328290465032
E1129N4020,1.7447902021665018
E1129N4021,1.760142059873911
E1129N4022,1.7502654800186632
E1129N4023,1.7468014836234544
E1129N4024,1.778015161930725
E1129N4026,1.7634516941441318
E1129N4027,1.7664817214172757
E1129N4028,1.7746051975921735
E1129N4029,1.8031269609786549
E1129N4030,1.8104606433772887
E1129N4031,1.853828394992216
E1129N4032,1.908889441946606
E1130N3976,2.5771959328167693
E1130N3979,2.5959200099276067
E1130N3980,2.5814252502171557
E1130N3981,2.56718053590224
E1130N3982,2.4434820192671123
E1130N3983,2.394380261096916
E1130N3984,2.380180639732302
E1130N3985,2.3784468810366928
E1130N3986,2.4218894856554245
E1130N3987,2.48646005859338
E1130N3988,2.498100715547474
E1130N3989,2.4990501588872664
E1130N3990,2.498269347358877
E1130N3991,2.53591049892333
E1130N3992,2.581811445181394
E1130N3993,2.6041870531596234
E1130N3994,2.6265129569951915
E1130N3995,2.4603727300072955
E1130N3996,2.4760079461523667
E1130N3997,2.483616170490424
E1130N3998,2.422336365869376
E1130N4001,2.1165541211538272
E1130N4002,2.1134406496350784
E1130N4003,2.121696370848384
E1130N4004,2.1412407016780235
E1130N4005,2.151181037558725
E1130N4006,2.172727392655502
E1130N4007,2.1937178411018907
E1130N4008,2.193366016226579
E1130N4010,2.2791268113299563
E1130N4011,2.2377761766287243
E1130N4012,2.219600337126553
E1130N4013,2.20543717376952
E1130N4014,2.200648240515911
E1130N4017,1.8181177919471807
E1130N4018,1.784718579154375
E1130N4019,1.759762351250484
E1130N4020,1.748632217828193
E1130N4021,1.7859356694401112
E1130N4022,1.7520014526205556
E1130N4023,1.740418388925742
E1130N4024,1.733875723644998
E1130N4025,1.7444585300840083
E1130N4026,1.7567345384319242
E1130N4027,1.7708431170170251
E1130N4028,1.7751027790129497
E1130N4029,1.7931254834136614
E1130N4030,1.821146112152921
E1130N4031,1.7971887657442855
E1131N3976,2.586956135102551
E1131N3977,2.5937607509347886
E1131N3978,2.59565989485692
E1131N3979,2.5874748253649145
E1131N3980,2.561856899638873
E1131N3981,2.503157209198202
E1131N3982,2.45879090581431
E1131N3983,2.4047618857781514
E1131N3984,2.39523227513598
E1131N3985,2.4544471339526384
E1131N3986,2.514864430998243
E1131N3987,2.536971804033451
E1131N3988,2.552374623674861
E1131N3989,2.531528981239579
E1131N3990,2.541547415331871
E1131N3991,2.5348658479333306
E1131N3992,2.567614451708564
E1131N3996,2.5560537612094656
E1131N3997,2.559995868436013
E1131N3998,2.5026416290015283
E1131N4000,2.1808917068934486
E1131N4001,2.109866519287272
E1131N4002,2.1105948823677805
E1131N4003,2.112815571704907
E1131N4004,2.1330534563597885
E1131N4005,2.169150250866597
E1131N4006,2.201076517974147
E1131N4007,2.220922799430048
E1131N4008,2.205504934601449
E1131N4012,2.140968208479188
E1131N4018,1.799745814342026
E1131N4019,1.7755661825387845
E1131N4020,1.7959716170383342
E1131N4021,1.8160811585705148
E1131N4022,1.7940876141794029
E1131N4023,1.7834246112061354
E1131N4024,1.7438289253894057
E1131N4025,1.7372897575042576
E1131N4026,1.784178532639369
E1131N4027,1.7972158177528024
E1131N4028,1.838784866939924
E1131N4029,1.8448151718036283
E1131N4030,1.87574554668559
E1131N4031,1.892045934351591
E1132N3976,2.5800600511653915
E1132N3977,2.525830506731047
E1132N3978,2.491921904456779
E1132N3979,2.497619161444767
E1132N3980,2.511262782272387
E1132N3981,2.489796766201133
E1132N3982,2.488048508022421
E1132N3983,2.4721752975286
E1132N3984,2.477189484097544
E1132N3985,2.5035888897071863
E1132N3986,2.5675479924836915
E1132N3987,2.588404840688768
E1132N3988,2.5835282169898024
E1132N3989,2.540262615779881
E1132N3990,2.5200040471585643
E1132N3991,2.5132237085152718
E1132N3992,2.5550958952724865
E1132N3993,2.5867773794029425
E1132N3994,2.612559580645327
E1132N3995,2.634698800265836
E1132N3996,2.6380646119699884
E1132N3997,2.6925069031523603
E1132N3998,2.549903380632268
E1132N4002,2.0991034155307533
E1132N4003,2.0297864524510567
E1132N4004,2.103866525232852
E1132N4005,2.2145063412830783
E1132N4006,2.2642112365702167
E1132N4007,2.303574547653512
E1132N4008,2.326461121084446
E1132N4010,1.9559867359225815
E1132N4014,2.0982924818908275
E1132N4018,1.8085981609449888
E1132N4019,1.7847820702516215
E1132N4020,1.815194863019556
E1132N4021,1.8449211425542549
E1132N4022,1.777061181616369
E1132N4023,1.8287056845132923
E1132N4024,1.8250069381633465
E1132N4025,1.8315539205539508
E1132N4026,1.828610175201321
E1132N4027,1.8518724483242093
E1132N4029,1.8715311386237103
E1132N4030,1.9179132522693565
E1132N4031,1.89649532177166
E1133N3975,2.6560155678639457
E1133N3976,2.5597684978395563
E1133N3977,2.4507894223312507
E1133N3978,2.409704380063854
E1133N3979,2.4505803579707512
E1133N3980,2.485078467789227
E1133N3981,2.461936388950211
E1133N3982,2.4845371614486504
E1133N3983,2.472905178248157
E1133N3984,2.495318307666764
E1133N3985,2.526348801354905
E1133N3986,2.629357919175155
E1133N3987,2.628778329485567
E1133N3988,2.611545951605894
E1133N3989,2.564055506114372
E1133N3990,2.515528073520217
E1133N3991,2.524257034235708
E1133N3992,2.531705317811946
E1133N3993,2.539365901229065
E1133N3994,2.578569103482013
E1133N3995,2.600308686314638
E1133N3997,2.6788268296526083
E1133N3998,2.702220088515358
E1133N4004,2.2780585887413327
E1133N4005,2.2857058351167834
E1133N4006,2.3370100884265232
E1133N4007,2.3279374813420706
E1133N4010,1.9850080297060249
E1133N4011,1.895221863731481
E1133N4012,1.8438825452873764
E1133N4013,1.9020395827480807
E1133N4014,1.9977566606405817
E1133N4017,1.8334730275639708
E1133N4018,1.8423745846946051
E1133N4019,1.8258297612685648
E1133N4020,1.8641212295609684
E1133N4021,1.8634915409272816
E1133N4022,1.830235010641168
E1133N4023,1.821374021541535
E1133N4024,1.819594621329876
E1133N4025,1.84963836684392
E1133N4026,1.9022004305640587
E1133N4027,1.9307185653677723
E1133N4028,1.9507721650827183
E1133N4029,2.0386981449497656
E1133N4030,2.077848259269269
E1134N3974,2.685770507391267
E1134N3975,2.64164653927554
E1134N3976,2.513046879025862
E1134N3977,2.409512495768153
E1134N3978,2.3518294731808407
E1134N3979,2.3521398378623197
E1134N3980,2.442076983663276
E1134N3981,2.4624804577488044
E1134N3982,2.4005525222838564
E1134N3983,2.3999566885508923
E1134N3984,2.418403362965573
E1134N3985,2.485890525393139
E1134N3986,2.542354395545701
E1134N3987,2.619173704834899
E1134N3988,2.615474081900496
E1134N3989,2.5875118969468742
E1134N3990,2.5276051300280598
E1134N3991,2.505624490586856
E1134N3992,2.51963604624327
E1134N3993,2.5335011540124817
E1134N3994,2.5680689056660104
E1134N3995,2.585811872831852
E1134N3998,2.622323041489663
E1134N4002,2.429822835857474
E1134N4004,2.3110841187210065
E1134N4005,2.325074234470045
E1134N4006,2.2869230103439016
E1134N4007,2.3051154779532648
E1134N4008,2.2831412741415047
E1134N4010,2.0314241793135954
E1134N4011,1.8487059623105564
E1134N4012,1.849529173020502
E1134N4013,1.8558093084289475
E1134N4014,2.0319960333300267
E1134N4016,1.93347778347551
E1134N4017,1.844348293259796
E1134N4018,1.8594685165366984
E1134N4019,1.8670734277831105
E1134N4020,1.8899322524697808
E1134N4021,1.8862807725567363
E1134N4022,1.8541871866646884
E1134N4023,1.8234726250186772
E1134N4024,1.8659673818805635
E1134N4025,1.9048763255725536
E1134N4026,1.9211480538469003
E1134N4027,1.972270948137791
E1134N4028,2.015303683023983
E1134N4029,2.1568693988355943
E1134N4030,2.21177177601081
E1135N3967,2.525457942263553
E1135N3973,2.690402121315902
E1135N3974,2.628041354318485
E1135N3975,2.5721960630507223
E1135N3976,2.473523505479482
E1135N3977,2.3807815439716538
E1135N3978,2.3209192033721804
E1135N3979,2.320752156617469
E1135N3980,2.364509666812832
E1135N3981,2.380177450529241
E1135N3982,2.329908801378176
E1135N3983,2.327151984091206
E1135N3984,2.320834468215041
E1135N3985,2.43020446807134
E1135N3986,2.466004963178824
E1135N3987,2.536796485886032
E1135N3988,2.550351579992319
E1135N3989,2.553901138914484
E1135N3990,2.521668427022317
E1135N3991,2.50419250810259
E1135N3992,2.492458789367784
E1135N3993,2.5227669576351888
E1135N3994,2.51554879440376
E1135N3995,2.5596428290919757
E1135N3998,2.6285772501523264
E1135N4000,2.597833720971844
E1135N4001,2.5950391629479963
E1135N4003,2.434330982216602
E1135N4004,2.362861955117437
E1135N4005,2.2951335808180207
E1135N4006,2.2576739523770755
E1135N4007,2.262493237705764
E1135N4008,2.2675992324515444
E1135N4010,1.9759608345218904
E1135N4011,1.857181022373342
E1135N4012,1.870081909633717
E1135N4013,1.8529198759818668
E1135N4014,1.9907349057759796
E1135N4017,1.836231059159856
E1135N4018,1.8329459334063405
E1135N4019,1.8454302906084872
E1135N4020,1.843901206898631
E1135N4021,1.8394306453666027
E1135N4022,1.8309400366939184
E1135N4023,1.8608948578769997
E1135N4024,1.8770693934553435
E1135N4025,1.9072049009757683
E1135N4026,1.9330827355883229
E1135N4027,1.9669801128392332
E1135N4028,1.9907558545030573
E1136N3966,2.515466800789828
E1136N3972,2.6796628064320496
E1136N3973,2.6344401499925483
E1136N3974,2.6113775750675
E1136N3975,2.5597398011064554
E1136N3976,2.436147084586621
E1136N3977,2.335403516724413
E1136N3978,2.280208250009208
E1136N3979,2.2886105243758923
E1136N3980,2.3160759915567835
E1136N3981,2.3724400490259616
E1136N3982,2.3243896825607298
E1136N3983,2.285544275961104
E1136N3984,2.282249915232214
E1136N3985,2.3460319817654933
E1136N3986,2.377583786602301
E1136N3987,2.3999791939330803
E1136N3988,2.447428299371869
E1136N3989,2.472951566626039
E1136N3990,2.45506138483063
E1136N3991,2.4508642791961868
E1136N3992,2.48617597715975
E1136N3993,2.488853940673945
E1136N3994,2.483909792075237
E1136N3997,2.6650852873910207
E1136N3998,2.628550654639189
E1136N3999,2.5857301840442704
E1136N4000,2.601748175389777
E1136N4002,2.4953441798563385
E1136N4003,2.4372799595887766
E1136N4004,2.312415280789853
E1136N4005,2.3143815094720117
E1136N4006,2.282595390183801
E1136N4007,2.2397869674220385
E1136N4008,2.22560400267622
E1136N4009,2.108457862362473
E1136N4010,2.03055253491926
E1136N4011,1.904315775978903
E1136N4012,1.8215923622104917
E1136N4013,1.87988158106534
E1136N4014,1.9715373465047936
E1136N4017,1.890459103636941
E1136N4018,1.808664296695213
E1136N4019,1.7737892287745307
E1136N4020,1.7653083169156716
E1136N4022,1.829804277107268
E1136N4023,1.8478503013131933
E1136N4024,1.901560626014925
E1136N4025,1.9518653105132775
E1136N4026,1.9275517171131809
E1136N4027,1.9103964121002348
E1136N4028,1.9854368350049447
E1137N3952,2.4694600805242106
E1137N3953,2.4043342951083964
E1137N3954,2.385740098479586
E1137N3955,2.3691327582985124
E1137N3956,2.364083270110124
E1137N3959,2.434371470337566
E1137N3961,2.45457990222798
E1137N3966,2.557029078532116
E1137N3967,2.623480597294565
E1137N3968,2.653856826938409
E1137N3969,2.734449075613582
E1137N3970,2.7631907651273084
E1137N3972,2.6349276025600865
E1137N3973,2.630733608630426
E1137N3974,2.606100295997286
E1137N3975,2.50899214569755
E1137N3976,2.351612001480041
E1137N3977,2.279041244348154
E1137N3978,2.243789957850555
E1137N3979,2.2669105938859846
E1137N3980,2.2895995588935523
E1137N3981,2.317074408105081
E1137N3982,2.3070594763391097
E1137N3984,2.282501397224747
E1137N3985,2.2940475621093155
E1137N3986,2.288567343268328
E1137N3987,2.33479978678894
E1137N3988,2.329668190116825
E1137N3989,2.378245712678842
E1137N3990,2.3905766733909646
E1137N3991,2.3999519127329902
E1137N3992,2.451350866290217
E1137N3993,2.409703402634062
E1137N3994,2.426408035805429
E1137N3999,2.587703505457821
E1137N4000,2.6212677632127868
E1137N4001,2.5723871058099697
E1137N4002,2.476931741852628
E1137N4003,2.349507258942708
E1137N4004,2.308101765846617
E1137N4005,2.2365451013600164
E1137N4006,2.2729781176808204
E1137N4007,2.2581735432890806
E1137N4008,2.241388581845684
E1137N4011,1.997584444798157
E1137N4012,1.861651873891207
E1137N4013,1.8554847428611103
E1137N4014,1.9121063950094297
E1137N4017,1.851445615291056
E1137N4018,1.7632110306577913
E1137N4019,1.720789324025552
E1137N4020,1.71829101587408
E1137N4021,1.7662183515277243
E1137N4022,1.759821672528177
E1137N4023,1.81589009803587
E1137N4024,1.897128834123988
E1137N4027,1.8533335559906825
E1138N3950,2.419810888034837
E1138N3951,2.3955266933486854
E1138N3952,2.364011781882509
E1138N3953,2.378524806528996
E1138N3954,2.3618507841367915
E1138N3955,2.3573115750058333
E1138N3956,2.3428823997657022
E1138N3957,2.359481757043788
E1138N3958,2.367167701058005
E1138N3959,2.358990580929683
E1138N3960,2.370993961955208
E1138N3961,2.381525407848875
E1138N3962,2.3895519402973213
E1138N3973,2.611415164843065
E1138N3974,2.5684495521115203
E1138N3975,2.49314723896737
E1138N3976,2.392305728513954
E1138N3977,2.244166579835886
E1138N3978,2.215422119502928
E1138N3979,2.222840346801317
E1138N3980,2.267641063633804
E1138N3981,2.317506075562295
E1138N3982,2.358141818171652
E1138N3983,2.329144588078813
E1138N3984,2.298735969775324
E1138N3985,2.254379566356999
E1138N3987,2.219163981409713
E1138N3988,2.285853479467133
E1138N3989,2.347421898467871
E1138N3990,2.3985431149660497
E1138N3991,2.40607097343946
E1138N3992,2.4150964280613025
E1138N3993,2.407573837339106
E1138N3999,2.5976610121210166
E1138N4000,2.613530810157408
E1138N4001,2.5539201786791064
E1138N4004,2.2724357118634293
E1138N4005,2.2231054318251195
E1138N4006,2.2266492432792573
E1138N4007,2.265662335034913
E1138N4008,2.249593657073767
E1138N4010,1.968888837889436
E1138N4011,1.9472646042916997
E1138N4012,1.9326733992355
E1138N4013,1.8140021343502863
E1138N4014,1.835598187725449
E1138N4015,1.750821910407994
E1138N4017,1.7617288250563607
E1138N4018,1.6863421318807834
E1138N4019,1.6477037669059251
E1138N4020,1.672953630234327
E1138N4021,1.704777485779861
E1138N4022,1.748569632584736
E1138N4023,1.7793471747419805
E1138N4024,1.849494966824181
E1138N4025,1.7245294400928777
E1138N4026,1.6592286373800322
E1138N4027,1.6582488009064251
E1139N3948,2.4104636349095427
E1139N3949,2.3917017443423045
E1139N3950,2.363023336916122
E1139N3951,2.3646038804315825
E1139N3952,2.354798394605443
E1139N3953,2.349415866528296
E1139N3954,2.358291631195703
E1139N3955,2.3485640208665086
E1139N3956,2.3439494978087625
E1139N3957,2.3460195571258304
E1139N3958,2.335123105644641
E1139N3959,2.3161057924265567
E1139N3960,2.3437257766294897
E1139N3961,2.3587746649898027
E1139N3962,2.3669334787860947
E1139N3973,2.530049753249693
E1139N3974,2.5236449594173
E1139N3975,2.4584735846934267
E1139N3976,2.366945076535621
E1139N3977,2.1765474855128524
E1139N3978,2.165926765330671
E1139N3979,2.2196615447310952
E1139N3980,2.2813829512067354
E1139N3981,2.3445595613728383
E1139N3982,2.4084500367390818
E1139N3983,2.3476664197723296
E1139N3984,2.2905843077765744
E1139N3985,2.189649900400473
E1139N3986,2.1653987757355
E1139N3987,2.1889120432046165
E1139N3988,2.251369018297802
E1139N3989,2.295558288580475
E1139N3990,2.3669331006148417
E1139N3991,2.4126666867619284
E1139N3992,2.4094265860075605
E1139N3993,2.390032719692085
E1139N4000,2.538524839950787
E1139N4001,2.522768780845921
E1139N4004,2.2018539901128205
E1139N4005,2.2002848251191125
E1139N4006,2.231246788495192
E1139N4007,2.2623827656231223
E1139N4010,2.024806260760616
E1139N4011,1.9617128787288
E1139N4012,1.937946005009188
E1139N4013,1.8462663100818888
E1139N4014,1.7882134715350824
E1139N4015,1.7376462328718163
E1139N4017,1.6754732627581304
E1139N4018,1.7038526718289349
E1139N4019,1.7020406541470172
E1139N4020,1.7301162958806375
E1139N4021,1.746341368814714
E1139N4022,1.7456946111235
E1139N4023,1.821927083857382
E1139N4024,1.8355891588821576
E1139N4025,1.6599836668765309
E1139N4026,1.6176808747452316
E1139N4027,1.6036530467031271
E1140N3946,2.4729473940832984
E1140N3947,2.4513337241258144
E1140N3948,2.406331614597969
E1140N3949,2.3665030339595017
E1140N3950,2.358735176348963
E1140N3951,2.362384135072418
E1140N3952,2.3592859088326463
E1140N3953,2.3492503462383523
E1140N3954,2.344244912964948
E1140N3955,2.3439044899617194
E1140N3956,2.359813238081956
E1140N3957,2.3046012751940093
E1140N3958,2.29086308899458
E1140N3959,2.2758839439852308
E1140N3960,2.3092582687854666
E1140N3961,2.3568986194957784
E1140N3962,2.367884312020503
E1140N3963,2.3708232866288217
E1140N3974,2.498969917156901
E1140N3975,2.3756659323598903
E1140N3976,2.2762468705710006
E1140N3977,2.181924081145836
E1140N3978,2.1743646354958748
E1140N3979,2.1977558697593014
E1140N3981,2.431192723367218
E1140N3982,2.4352359059159934
E1140N3983,2.3477707907350003
E1140N3984,2.2193363174294305
E1140N3985,2.1821607627722863
E1140N3986,2.1646787035831823
E1140N3987,2.188449811343026
E1140N3988,2.198073572329669
E1140N3989,2.271515769439078
E1140N3990,2.399012455649028
E1140N3991,2.434191180569811
E1140N3999,2.4571729635121264
E1140N4000,2.418769602748734
E1140N4001,2.3822769174976246
E1140N4004,2.1643648934364603
E1140N4005,2.168578081494368
E1140N4006,2.2195759316937225
E1140N4007,2.2546806153720835
E1140N4008,2.231552168738431
E1140N4010,1.972272537967561
E1140N4011,1.9527577522854167
E1140N4012,1.9218010556376053
E1140N4013,1.833232122911284
E1140N4014,1.7466604214986692
E1140N4015,1.739993444931465
E1140N4016,1.7462579094159325
E1140N4017,1.7276821016612756
E1140N4018,1.6931520642264812
E1140N4019,1.7647020377730278
E1140N4020,1.7743601421681643
E1140N4021,1.869187546878606
E1140N4022,1.8253856333825336
E1140N4023,1.8951404738840107
E1140N4024,1.884108027520333
E1140N4025,1.66123938662055
E1140N4026,1.5986232185929967
E1140N4027,1.6005493285020094
E1141N3948,2.440076211998742
E1141N3949,2.3692663239098053
E1141N3950,2.342863372436584
E1141N3951,2.354470835016916
E1141N3952,2.35776239115668
E1141N3953,2.334565494456456
E1141N3954,2.336654214730563
E1141N3955,2.315439098151326
E1141N3956,2.3354406594850485
E1141N3957,2.2900571699173544
E1141N3958,2.2924466542805044
E1141N3959,2.274317065442065
E1141N3960,2.334284521128021
E1141N3961,2.3603382209963666
E1141N3962,2.3819056523647046
E1141N3963,2.4060871096154
E1141N3974,2.5016112912760744
E1141N3975,2.389670399048454
E1141N3976,2.286454909530709
E1141N3977,2.245632628425727
E1141N3978,2.2639921009253428
E1141N3979,2.330645595394153
E1141N3980,2.3923785608069714
E1141N3981,2.4730741372496383
E1141N3982,2.4447741089528097
E1141N3983,2.2979450626900437
E1141N3984,2.217042774567098
E1141N3985,2.18955845853597
E1141N3986,2.17003752189733
E1141N3987,2.184313006658029
E1141N3988,2.210441869068582
E1141N3989,2.301814631575495
E1141N3999,2.3477029512621392
E1141N4000,2.267595119412652
E1141N4001,2.274816903424514
E1141N4002,2.1464660381432843
E1141N4003,2.037981175657181
E1141N4004,2.029284715096394
E1141N4005,2.13605735950865
E1141N4006,2.125747416147069
E1141N4011,1.9873721632088013
E1141N4012,1.9641705318531304
E1141N4013,1.849200973504516
E1141N4014,1.784124221816619
E1141N4015,1.7513928977814808
E1141N4016,1.8135166225672903
E1141N4017,1.7886701494611312
E1141N4018,1.7443210322066054
E1141N4019,1.7882165707371902
E1141N4020,1.830188708721064
E1141N4021,2.0193549594498474
E1141N4022,2.0655058224703247
E1141N4023,2.1159965267307093
E1141N4024,1.976801888162603
E1141N4025,1.7437480803284695
E1141N4026,1.7190929038610396
E1141N4027,1.683239603111507
E1142N3951,2.3424205416085866
E1142N3952,2.3208441006276077
E1142N3953,2.330669727783611
E1142N3954,2.2718456324531604
E1142N3955,2.2887448394526664
E1142N3956,2.31626522854871
E1142N3957,2.330870293185223
E1142N3958,2.3219487398633785
E1142N3959,2.32637190173486
E1142N3960,2.3456127032751364
E1142N3961,2.3671296643217445
E1142N3962,2.397271243362357
E1142N3963,2.4752193812069514
E1142N3964,2.513115162480829
E1142N3972,2.6164189681051835
E1142N3973,2.5295841158053096
E1142N3974,2.4976388203859665
E1142N3975,2.3946015685165496
E1142N3976,2.365544878616404
E1142N3977,2.303062861128712
E1142N3978,2.2889270289486707
E1142N3979,2.3670441361565118
E1142N3980,2.434065365877078
E1142N3981,2.4450529333978546
E1142N3982,2.4035407863543403
E1142N3983,2.3274038146326737
E1142N3984,2.2424834173798933
E1142N3985,2.206708579207729
E1142N3986,2.1980033021810192
E1142N3987,2.2023844871555927
E1142N3988,2.2547890709339344
E1142N3991,2.355234895256679
E1142N3998,2.2682485822156675
E1142N3999,2.2465275550266965
E1142N4000,2.191863340162396
E1142N4001,2.1892063442226357
E1142N4002,2.0612821280186577
E1142N4003,2.022508204309973
E1142N4004,2.0193495663294576
E1142N4005,2.0891976321350283
E1142N4006,2.180668701863672
E1142N4011,2.0092849664721424
E1142N4012,1.9571521995402408
E1142N4013,1.87136464573992
E1142N4014,1.811188403080244
E1142N4015,1.8316836604077784
E1142N4016,1.8878215734786896
E1142N4017,1.8243270421827276
E1142N4018,1.826541572347156
E1142N4019,1.8438181803379163
E1142N4020,1.938401704184287
E1142N4021,2.0486304088398355
E1142N4022,2.127974415711179
E1142N4023,2.1712434017217195
E1142N4024,2.0957988022668377
E1142N4025,1.9783636389839203
E1142N4027,2.0074739244598887
E1143N3954,2.270912296210644
E1143N3955,2.2770911714704507
E1143N3956,2.28113341440453
E1143N3957,2.332621381825773
E1143N3958,2.332671286978047
E1143N3959,2.3561939895171093
E1143N3960,2.3393552369679496
E1143N3961,2.3897552368113524
E1143N3975,2.4198528020423264
E1143N3976,2.379629133668733
E1143N3977,2.3718444761438184
E1143N3978,2.3727159361417134
E1143N3979,2.3368428801498684
E1143N3980,2.3786997302831905
E1143N3981,2.354828918951295
E1143N3982,2.355985787038852
E1143N3983,2.3226465878961515
E1143N3984,2.27546202959924
E1143N3985,2.272373498094509
E1143N3986,2.2682713371276364
E1143N3987,2.2935999035948798
E1143N3998,2.251030641650951
E1143N3999,2.22150980229758
E1143N4000,2.197511259155813
E1143N4001,2.183929351373949
E1143N4002,2.0508086168787205
E1143N4003,2.0458830587709453
E1143N4004,2.0226565747612306
E1143N4005,2.056893720054924
E1143N4006,2.165236364650391
E1143N4007,2.3156567531394425
E1143N4013,1.8049600509340016
E1143N4014,1.8083174473046812
E1143N4016,1.9042794637877292
E1143N4017,1.888862127675225
E1143N4018,1.8093159646780292
E1143N4019,1.8317586426076395
E1143N4020,1.9851228113524504
E1143N4021,2.0503313426031413
E1143N4022,2.1749618373322224
E1143N4023,2.184686185869295
E1143N4024,2.141282838951369
E1143N4025,2.095561494537564
E1143N4026,2.072968064898587
E1143N4027,2.0590734032047378
E1144N3954,2.2887980874257736
E1144N3955,2.290876598739832
E1144N3956,2.3055127323534923
E1144N3957,2.3261712221637096
E1144N3958,2.3407335367276936
E1144N3959,2.3544050238312457
E1144N3960,2.371039633293231
E1144N3969,2.531593654174209
E1144N3975,2.419320138829754
E1144N3976,2.3953482990366792
E1144N3977,2.361753448105497
E1144N3978,2.33521906026747
E1144N3979,2.3083760389512933
E1144N3980,2.288381593075675
E1144N3981,2.260646516922006
E1144N3982,2.2579418132615
E1144N3983,2.3209639005312117
E1144N3984,2.338013630076078
E1144N3985,2.36818052246722
E1144N3986,2.385251074860044
E1144N3987,2.41409687977358
E1144N3998,2.2330961238118943
E1144N3999,2.227990597065404
E1144N4000,2.213786596529118
E1144N4001,2.1881080649435702
E1144N4002,2.1163589044482696
E1144N4003,2.027118898951511
E1144N4004,1.971557059289089
E1144N4005,2.036936341322217
E1144N4006,2.132581437191447
E1144N4007,2.2623413921829454
E1144N4011,1.897811352815528
E1144N4022,2.202110653742763
E1144N4023,2.181041416905506
E1144N4024,2.190190591221868
E1144N4025,2.197478556127865
E1144N4026,2.1771147491858693
E1144N4027,2.2115031762508
E1145N3954,2.295291452214842
E1145N3955,2.316917042692345
E1145N3956,2.358480866555888
E1145N3957,2.3513010209791103
E1145N3958,2.47184132985296
E1145N3975,2.415775253777582
E1145N3976,2.358690499746159
E1145N3977,2.326841350831463
E1145N3978,2.238712033151369
E1145N3979,2.219315399662885
E1145N3980,2.18356982720601
E1145N3981,2.199453640141343
E1145N3982,2.21739867795144
E1145N3983,2.2981947298003167
E1145N3984,2.338568161812143
E1145N3985,2.3633730457620623
E1145N3986,2.4336646076950275
E1145N3987,2.433773687253668
E1145N3988,2.4534403164644623
E1145N3998,2.248028933568871
E1145N3999,2.241932882379351
E1145N4000,2.199380557532691
E1145N4001,2.221877577824361
E1145N4002,2.1824696931663765
E1145N4003,2.031737511751376
E1145N4004,2.023813270597965
E1145N4005,2.045420873653358
E1145N4006,2.06930280918618
E1145N4022,2.2616469561413948
E1145N4023,2.23999565613702
E1145N4025,2.3130325749338194
E1145N4026,2.2901262398586733
E1146N3949,2.365144638184121
E1146N3952,2.2979958608208184
E1146N3953,2.3132973419079894
E1146N3954,2.317027736251231
E1146N3955,2.407496982172084
E1146N3956,2.439735600895799
E1146N3957,2.4557099763309944
E1146N3974,2.4614453968959658
E1146N3975,2.377563759347744
E1146N3978,2.1171086469976204
E1146N3979,2.1546749395593814
E1146N3980,2.170310584031221
E1146N3981,2.161187475997731
E1146N3982,2.198121541518704
E1146N3983,2.273748035345581
E1146N3984,2.3216107096611487
E1146N3985,2.333793741004616
E1146N3986,2.321269426739843
E1146N3987,2.338388054204572
E1146N3988,2.39350499244168
E1146N3989,2.4415845021318274
E1146N3995,2.2898088860554484
E1146N3996,2.2412993606403484
E1146N3997,2.254843997140601
E1146N3998,2.2054014983654446
E1146N3999,2.13707341069167
E1146N4000,2.1332610378850947
E1146N4001,2.202253237543169
E1146N4002,2.1052707065864498
E1146N4003,1.999564004100398
E1146N4004,1.983735684253198
E1146N4005,1.9863944806468248
E1146N4006,1.9752639184950496
E1146N4021,2.366786513167332
E1146N4022,2.3831582828265336
E1146N4023,2.293910102194588
E1146N4025,2.3714312927758208
E1147N3951,2.294376103860821
E1147N3952,2.31664962447245
E1147N3953,2.3044531823606005
E1147N3954,2.319590896722478
E1147N3955,2.376593013038588
E1147N3956,2.444829088692998
E1147N3957,2.4756751206220016
E1147N3973,2.4720567267983813
E1147N3974,2.4998127458531183
E1147N3975,2.353003067990393
E1147N3976,2.2573416657787164
E1147N3977,2.0305634461455
E1147N3978,1.9974228886304064
E1147N3979,2.03054431580599
E1147N3980,2.110625544223925
E1147N3981,2.176238949372138
E1147N3982,2.1951771971208136
E1147N3983,2.2394337624625784
E1147N3984,2.260644487913237
E1147N3985,2.285616674603627
E1147N3986,2.285219726095277
E1147N3987,2.2961257198246154
E1147N3988,2.349436463662978
E1147N3989,2.381311778270917
E1147N3990,2.5524216988116573
E1147N3995,2.296011892508289
E1147N3996,2.204313486829003
E1147N3997,2.155745786094592
E1147N3998,2.121252021148297
E1147N3999,2.1175651862725955
E1147N4000,2.113506831058406
E1147N4001,2.1275572079809546
E1147N4003,1.992523320244442
E1147N4004,1.937582786042596
E1147N4005,1.937858731062173
E1147N4006,1.96485667004819
E1147N4007,2.059097745173552
E1147N4008,2.122965007464949
E1147N4021,2.481948729594165
E1147N4022,2.449549011242029
E1147N4023,2.386752219468597
E1147N4024,2.37236961141697
E1147N4025,2.4396982679333155
E1147N4026,2.475424238175797
E1148N3951,2.309823721581316
E1148N3952,2.290026426442083
E1148N3953,2.305057718065432
E1148N3954,2.3240723451892955
E1148N3955,2.3709029101639425
E1148N3956,2.391409943628757
E1148N3974,2.446857950842704
E1148N3975,2.326248488353754
E1148N3976,2.1289240598939028
E1148N3977,1.9763929497253243
E1148N3978,1.9652782874131676
E1148N3979,1.984270783051537
E1148N3980,2.0161438065668067
E1148N3981,2.181574231297173
E1148N3982,2.20597909160216
E1148N3983,2.168762756864383
E1148N3984,2.180805822926389
E1148N3985,2.2082347246351506
E1148N3986,2.23085618967239
E1148N3987,2.2683749818909127
E1148N3988,2.325417108154713
E1148N3996,2.190809471318492
E1148N3997,2.181823297344833
E1148N3998,2.085248323246492
E1148N3999,2.109050106451244
E1148N4000,2.130077848881577
E1148N4001,2.1102742053317454
E1148N4002,2.0295354694982968
E1148N4003,1.9784488843707129
E1148N4004,1.9508714306166384
E1148N4005,1.919258478090383
E1148N4006,1.9724141469898515
E1148N4007,2.0741087134396365
E1148N4008,2.1755542626872573
E1148N4009,2.183175197655016
E1149N3952,2.2874119749110724
E1149N3953,2.2961964747288905
E1149N3954,2.337305922102561
E1149N3955,2.362685475479711
E1149N3956,2.380582909306544
E1149N3957,2.3844021162060205
E1149N3974,2.5209023782857183
E1149N3975,2.420742557575844
E1149N3977,1.979289925435025
E1149N3978,1.965951020711532
E1149N3979,1.976990102638707
E1149N3980,2.013395370334797
E1149N3981,2.174017708326554
E1149N3982,2.198055996116392
E1149N3983,2.145537375481173
E1149N3984,2.169140178602317
E1149N3985,2.1724037129369056
E1149N3999,2.1317907806732914
E1149N4000,2.1381379488282404
E1149N4001,2.088588227589398
E1149N4002,2.0896530236680606
E1149N4003,2.0723547093699426
E1149N4004,1.9862244624517915
E1149N4005,1.9508429299185448
E1149N4006,2.008111929701761
E1149N4007,2.095421757595052
E1149N4008,2.220197904696705
E1149N4009,2.2618929057865187
E1150N3953,2.3598858904604945
E1150N3955,2.357037005085406
E1150N3956,2.393192611248638
E1150N3957,2.393608337804033
E1150N3975,2.4860102342940213
E1150N3977,2.1432770229006963
E1150N3978,2.0433419624549773
E1150N3979,2.040152055510464
E1150N3980,2.1609703861890166
E1150N3981,2.208386660445557
E1150N3982,2.209237475983979
E1150N3983,2.166107895540177
E1150N3984,2.1889404195120927
E1150N3985,2.2277035638202847
E1150N4001,2.1762811602541774
E1150N4002,2.193039864880538
E1150N4003,2.136764554067453
E1150N4004,2.0173110514719803
E1150N4005,1.992697093180208
E1150N4006,2.057826028286379
E1150N4008,2.2510725831288405
E1150N4010,2.3175070755647043
E1150N4011,2.279246089459227
E1151N3955,2.3598499974364344
E1151N3956,2.4001896765008124
E1151N3957,2.4133806793150967
E1151N3980,2.221457720206672
E1151N3981,2.2624850968186894
E1151N3982,2.224429351654591
E1151N3983,2.1988526926202856
E1151N3984,2.214169682629515
E1151N3997,2.08854894405632
E1151N3999,2.102436315202504
E1151N4000,2.2090864787689366
E1151N4001,2.2498014846895327
E1151N4002,2.2699747330390627
E1151N4003,2.2839692463841947
E1151N4004,2.2183683519975115
E1151N4005,2.2397951142711
E1151N4007,2.271224271706496
E1151N4008,2.285383137034419
E1151N4010,2.3681848859692547
E1151N4012,2.360660427537226
E1151N4026,2.408680276821395
E1152N3970,2.5025012781650684
E1152N3971,2.5354829428449275
E1152N3973,2.575077961660375
E1152N3975,2.5680354281547166
E1152N3976,2.566889558888077
E1152N3981,2.346511088762657
E1152N3982,2.3311836040343485
E1152N3983,2.3074604414153903
E1152N3984,2.2592670529389505
E1152N3994,2.368813088538475
E1152N3995,2.240909279745791
E1152N3996,2.1604285258770317
E1152N3997,2.12304195456945
E1152N3998,2.055240408800297
E1152N3999,2.0946685983352187
E1152N4000,2.1785756445811355
E1152N4002,2.28281401694517
E1152N4003,2.2759337205339043
E1152N4004,2.256843415135046
E1152N4005,2.2771641504677
E1152N4006,2.308743800242713
E1152N4007,2.301402229185116
E1152N4008,2.346421434721192
E1152N4009,2.341273525478561
E1152N4010,2.324947276313272
E1152N4013,2.3398718594165877
E1152N4020,2.2774030912144894
E1152N4022,2.3081464306479145
E1152N4023,2.300628860252566
E1152N4024,2.3415825181996848
E1152N4025,2.388928762290373
E1152N4026,2.401735502556869
E1153N3956,2.54225953198629
E1153N3970,2.535615023969808
E1153N3971,2.547527008254702
E1153N3972,2.550370414578819
E1153N3973,2.559119093485756
E1153N3974,2.5832885115144437
E1153N3975,2.588365993336972
E1153N3976,2.5748121821997096
E1153N3977,2.5519092799369325
E1153N3978,2.5596053454463554
E1153N3979,2.5234673299819854
E1153N3980,2.507078199314265
E1153N3981,2.477359278547993
E1153N3982,2.4352404719534904
E1153N3983,2.3783778484685643
E1153N3994,2.339297783305193
E1153N3995,2.3049708404538207
E1153N3996,2.1580268406325924
E1153N3997,2.0742876106699515
E1153N3998,1.998427332535508
E1153N3999,2.061559094844224
E1153N4000,2.1193410707346363
E1153N4001,2.233655533753044
E1153N4002,2.288664414153865
E1153N4003,2.292175956151137
E1153N4004,2.2854158984144117
E1153N4005,2.3046862073873347
E1153N4006,2.365835632842167
E1153N4007,2.336665732679634
E1153N4008,2.3454769156702544
E1153N4009,2.339197691241245
E1153N4010,2.283000688318544
E1153N4016,2.440300641530184
E1153N4017,2.446638035610468
E1153N4019,2.2909187583852058
E1153N4020,2.242417791752781
E1153N4021,2.2215525598561348
E1153N4022,2.2336694568273403
E1153N4023,2.2343266013295007
E1153N4024,2.3407708323828675
E1153N4025,2.3589162363064995
E1153N4026,2.366287310649952
E1154N3956,2.444389365707621
E1154N3970,2.5193402100929245
E1154N3971,2.524349918663072
E1154N3972,2.526850850545406
E1154N3973,2.537809707652091
E1154N3974,2.554986937776828
E1154N3975,2.564415574078576
E1154N3976,2.571441301443516
E1154N3977,2.5719627410849264
E1154N3978,2.544495721518131
E1154N3979,2.5177865504811026
E1154N3980,2.510470963884725
E1154N3981,2.5094097875912587
E1154N3982,2.500241153017005
E1154N3983,2.453690173121017
E1154N3984,2.440775311264914
E1154N3995,2.2812142061999108
E1154N3996,2.170847248008201
E1154N3997,2.0814440706936392
E1154N3998,2.0504545278633675
E1154N3999,2.061443929898494
E1154N4000,2.119134920224309
E1154N4001,2.2385620642789106
E1154N4002,2.278090918398811
E1154N4003,2.2894561725673457
E1154N4004,2.291402305631105
E1154N4005,2.2921762549666065
E1154N4006,2.369439178216714
E1154N4007,2.3739411507202126
E1154N4008,2.3487892144490594
E1154N4009,2.344550619408344
E1154N4018,2.332172621156399
E1154N4019,2.299768933736466
E1154N4020,2.253685743983603
E1154N4021,2.2365187472314223
E1154N4022,2.2308633978326444
E1154N4023,2.229006412564208
E1154N4024,2.262651264343868
E1154N4025,2.2758114497376747
E1154N4026,2.329844658034442
E1155N3970,2.505369774535302
E1155N3971,2.518446391035268
E1155N3972,2.5069801685809097
E1155N3973,2.506821692631376
E1155N3974,2.54163926791746
E1155N3975,2.560563167400623
E1155N3976,2.575151125585948
E1155N3977,2.57014423302548
E1155N3978,2.5524760647826263
E1155N3979,2.510163349582674
E1155N3980,2.494860164612512
E1155N3981,2.496048585264418
E1155N3982,2.4981716950605546
E1155N3983,2.4752534552897827
E1155N3995,2.2872967837360862
E1155N3996,2.192651001818154
E1155N3997,2.1063100873825467
E1155N3998,2.081437531073284
E1155N3999,2.0944529424793505
E1155N4000,2.172446716185092
E1155N4001,2.2907151591061865
E1155N4002,2.304524593540156
E1155N4003,2.3108664914981323
E1155N4004,2.2637240537745047
E1155N4005,2.27039645437135
E1155N4006,2.3420377633955427
E1155N4007,2.42123374168171
E1155N4009,2.3501836181692504
E1155N4010,2.332826321653765
E1155N4011,2.12097148994764
E1155N4018,2.3593033703871957
E1155N4019,2.2991249412594974
E1155N4020,2.2390591673737497
E1155N4021,2.231935863429961
E1155N4022,2.22711861830692
E1155N4023,2.228732202446169
E1155N4024,2.2618729266914697
E1155N4025,2.260367906209324
E1155N4026,2.267320984038087
E1155N4027,2.2784518939456606
E1155N4028,2.248041760702064
E1155N4029,2.2364894937721016
E1155N4030,2.2798653670828304
E1156N3972,2.5059229095636835
E1156N3973,2.509565879528912
E1156N3974,2.525691356175862
E1156N3975,2.5377779358048747
E1156N3977,2.559080582827961
E1156N3979,2.519289247904529
E1156N3980,2.492869588597806
E1156N3981,2.4897242143410803
E1156N3982,2.494341992812442
E1156N3997,2.177399503920494
E1156N3998,2.1445061087183324
E1156N4000,2.1944890620047617
E1156N4001,2.1983243501934586
E1156N4002,2.2593485069968366
E1156N4003,2.3089650857036625
E1156N4004,2.265860735275829
E1156N4005,2.3050119699967224
E1156N4006,2.383526754739109
E1156N4007,2.4720911361168536
E1156N4008,2.441539053122284
E1156N4009,2.418568573311994
E1156N4010,2.3108156504872963
E1156N4016,2.4787007654618414
E1156N4017,2.4077257821849773
E1156N4018,2.36778112699564
E1156N4019,2.3061724921291358
E1156N4020,2.2820198070895925
E1156N4021,2.257290246790004
E1156N4022,2.2421388489907828
E1156N4023,2.244432023544768
E1156N4024,2.267357996309734
E1156N4025,2.2702322936432786
E1156N4026,2.2843655653215853
E1156N4027,2.2818943668313727
E1156N4028,2.2668515773946853
E1156N4029,2.252650128054799
E1156N4030,2.2720013240672228
E1156N4031,2.4019171405900277
E1157N3979,2.504419963085103
E1157N3980,2.4873728534731403
E1157N3981,2.481876572342191
E1157N3982,2.4962926815799085
E1157N3996,2.25986787699368
E1157N3997,2.1832119119017714
E1157N3998,2.1959128083050747
E1157N3999,2.149955811079102
E1157N4000,2.189223334297355
E1157N4002,2.2798111635257534
E1157N4003,2.2614199946917104
E1157N4004,2.2495815852960908
E1157N4006,2.406100032236812
E1157N4007,2.464839943314842
E1157N4016,2.514559160875196
E1157N4017,2.416378847125571
E1157N4018,2.3603298227087417
E1157N4019,2.323528766831411
E1157N4020,2.3055317744146
E1157N4021,2.278685797153877
E1157N4022,2.2744172998097776
E1157N4023,2.253111787861172
E1157N4024,2.2591639727213253
E1157N4025,2.2602683053753863
E1157N4026,2.279167826740097
E1157N4027,2.2879730556305526
E1157N4028,2.277195454416788
E1157N4029,2.260544240257761
E1157N4030,2.25182583148726
E1158N3996,2.280809113359756
E1158N3997,2.270838978065557
E1158N3998,2.2036076598362317
E1158N3999,2.1997297087914256
E1158N4000,2.2458730817128294
E1158N4001,2.222506957934676
E1158N4002,2.189748459611529
E1158N4003,2.277159878055834
E1158N4004,2.2775903665919084
E1158N4005,2.294470964396424
E1158N4017,2.479842562637938
E1158N4018,2.3744825319346914
E1158N4019,2.3528918096030704
E1158N4020,2.330731352094148
E1158N4021,2.2931399390873564
E1158N4022,2.2821648887336923
E1158N4023,2.272798384318762
E1158N4024,2.2581734349519067
E1158N4025,2.256846859126307
E1158N4026,2.2968075287379777
E1158N4027,2.29638128447293
E1158N4028,2.284560947799
E1158N4029,2.2591012359064515
E1158N4030,2.287688796291932
E1159N3974,2.369677033483204
E1159N3975,2.368776889967565
E1159N3976,2.3470246889138675
E1159N3977,2.342598313172831
E1159N3978,2.3435376251442723
E1159N3979,2.3469183794066044
E1159N3980,2.412152989214505
E1159N3981,2.4536069675836
E1159N3982,2.4545360471612527
E1159N3997,2.2627198156711668
E1159N3998,2.1957806060021103
E1159N3999,2.238530447005751
E1159N4000,2.1989643393687
E1159N4001,2.236394115750602
E1159N4002,2.24238339463222
E1159N4003,2.2294220641692437
E1159N4004,2.251480763997737
E1159N4005,2.277357350122
E1159N4017,2.488630641070782
E1159N4018,2.4302732475256583
E1159N4019,2.382139356069052
E1159N4020,2.3339181886313787
E1159N4021,2.317283714676801
E1159N4022,2.3070191439322394
E1159N4023,2.2776024083300777
E1159N4024,2.263510390759364
E1159N4025,2.2740978216643364
E1159N4026,2.301172189926227
E1159N4027,2.303855401278473
E1159N4028,2.2813218849568626
E1159N4029,2.336154661713284
E1159N4030,2.35171759946348
E1160N3973,2.361746978627246
E1160N3974,2.3530108188573906
E1160N3975,2.34468471726127
E1160N3976,2.332798504583521
E1160N3977,2.3369343648049994
E1160N3978,2.348243629855842
E1160N3979,2.3480079742993087
E1160N3980,2.3804298439874745
E1160N3981,2.4009853240363013
E1160N3982,2.430953103636788
E1160N4001,2.243653583962023
E1160N4002,2.240835598874366
E1160N4003,2.259791825214681
E1160N4004,2.2901241508019146
E1160N4005,2.317655817268834
E1160N4018,2.4398349894283413
E1160N4019,2.398819238164553
E1160N4020,2.3550404657188797
E1160N4021,2.3446603024883257
E1160N4022,2.3249841134436253
E1160N4023,2.31453477774972
E1160N4024,2.3035478798478404
E1160N4025,2.290301364607688
E1160N4026,2.293817884457176
E1160N4027,2.3090788475656674
E1160N4028,2.3239709605113408
E1160N4029,2.3396738242863133
E1161N3972,2.394658333490825
E1161N3973,2.351017782409689
E1161N3974,2.341149046891168
E1161N3975,2.338405530651693
E1161N3976,2.342406862873941
E1161N3977,2.331324150252962
E1161N3978,2.346030482106191
E1161N3979,2.3730969720067767
E1161N3980,2.3491633414216184
E1161N3981,2.3409286701705256
E1161N3982,2.351230271070881
E1161N4021,2.3519352884159006
E1161N4022,2.359614759838564
E1161N4023,2.357691092683815
E1161N4024,2.358979349276267
E1161N4025,2.353457073160537
E1161N4026,2.331874343525439
E1161N4027,2.3262614699579705
E1161N4028,2.348998413172005
E1161N4029,2.385547390613242
E1161N4030,2.415941607436836
E1162N3968,2.557837019341742
E1162N3970,2.5437253197581446
E1162N3971,2.3398208258959774
E1162N3972,2.3415960835237626
E1162N3973,2.332329003885096
E1162N3974,2.325331684452872
E1162N3975,2.328182717159546
E1162N3976,2.340281490539754
E1162N3977,2.3905538324115274
E1162N3978,2.370132296599868
E1162N3979,2.3838826765456806
E1162N3980,2.339102210120215
E1162N3981,2.3110417929960665
E1162N3982,2.303531592992374
E1162N3983,2.3573030528693133
E1162N4024,2.422574561044379
E1162N4025,2.427445571992927
E1162N4026,2.391911875437156
E1162N4027,2.364584641340798
E1162N4028,2.3760973225905246
E1162N4029,2.4531864851707748
E1162N4030,2.4925485013697712
E1162N4031,2.504856242617918
E1163N3967,2.556965489715852
E1163N3968,2.5829875111349727
E1163N3969,2.5564782193965274
E1163N3970,2.409981748297456
E1163N3971,2.320500847490101
E1163N3972,2.3184172620798327
E1163N3973,2.309865832820773
E1163N3974,2.303013405292881
E1163N3975,2.303657596853863
E1163N3976,2.3432182188727078
E1163N3977,2.4000095705352145
E1163N3978,2.3974993730511147
E1163N3979,2.396161251142156
E1163N3980,2.335002962515382
E1163N3981,2.2988451877706573
E1163N3982,2.2896668472130632
E1163N4024,2.494889705027618
E1163N4025,2.4872133255788667
E1163N4026,2.47794160228439
E1163N4027,2.452075425566741
E1163N4028,2.4289048404993947
E1163N4029,2.493606174349396
E1163N4030,2.504573582043677
E1163N4031,2.539186586860815
E1164N3967,2.5347925474535207
E1164N3968,2.571641486593694
E1164N3969,2.4822777334368693
E1164N3970,2.3467981056277125
E1164N3971,2.3017487031260067
E1164N3972,2.2774693663761054
E1164N3973,2.273963302474947
E1164N3974,2.253605515327887
E1164N3975,2.2834391879141887
E1164N3976,2.2799186911520537
E1164N3978,2.413603019610965
E1164N3979,2.420246769213865
E1164N3980,2.36710862463001
E1164N3981,2.309376817541921
E1164N3982,2.297208044997229
E1164N3983,2.273206669803685
E1164N3984,2.336042431805486
E1164N4005,2.4143387649036896
E1164N4023,2.542434981391022
E1164N4024,2.531747115069884
E1164N4025,2.4953394744334103
E1164N4026,2.5086211604989286
E1164N4027,2.517712850151804
E1164N4028,2.5163735644789904
E1164N4029,2.5296783108100933
E1164N4030,2.5496828642417224
E1165N3969,2.408477398399565
E1165N3970,2.305852284799302
E1165N3971,2.278279099970643
E1165N3972,2.26464382859174
E1165N3973,2.265375559451723
E1165N3974,2.2525191786857337
E1165N3975,2.265078731508706
E1165N3976,2.2683095460047324
E1165N3977,2.3306392707575583
E1165N3978,2.400582707568016
E1165N3979,2.4174336922916617
E1165N3980,2.431486841353926
E1165N3982,2.278648435962303
E1165N3983,2.243536997991977
E1165N3984,2.218635375471728
E1165N4027,2.570570970469119
E1165N4028,2.5758517607695577
E1165N4029,2.5486027668050717
E1165N4030,2.5411908627807827
E1165N4032,2.493876742893276
E1165N4033,2.499148364847424
E1166N3969,2.373737554396906
E1166N3970,2.305901787691385
E1166N3971,2.28444461499929
E1166N3972,2.2708517512879114
E1166N3973,2.276251948682156
E1166N3974,2.264405819178932
E1166N3975,2.252536294239325
E1166N3976,2.27741763068616
E1166N3977,2.333293789533338
E1166N3978,2.393874863539605
E1166N3979,2.4132705838184783
E1166N4023,2.472065469256846
E1166N4031,2.4789279071543584
E1166N4032,2.4909274672855606
E1167N3968,2.467668748716058
E1167N3969,2.445312183365211
E1167N3970,2.3340322791820025
E1167N3971,2.338793670892554
E1167N3972,2.3103026426557776
E1167N3973,2.299731746152049
E1167N3974,2.309398712501057
E1167N3975,2.3075893137949794
E1167N3976,2.3091253458041896
E1167N3977,2.355137692898245
E1167N3978,2.4137519119238915
E1167N3979,2.410476210374146
E1167N4020,2.42454198652036
E1167N4024,2.3386815295088725
E1168N3970,2.467245956339559
E1168N3971,2.3520501491501755
E1168N3974,2.364987673825119
E1168N3975,2.348942950291561
E1168N3976,2.341389900459565
E1168N3977,2.4008477985638863
E1168N3978,2.4107239364722965
